file	kind	text	context	function	count	class	reason
src/cli.ts	number	1	arg(process.exit)	(module)	1	K-API	R3: process exit code
src/cli.ts	string		arg(console.log)	startServer	2	K-TEXT	R5: log/console text
src/cli.ts	string	   • CLI argument: --figma-api-key=YOUR_KEY	arg(console.log)	startServer	1	K-TEXT	R5: log/console text
src/cli.ts	string	   • Environment: FIGMA_API_KEY=YOUR_KEY in .env file	arg(console.log)	startServer	1	K-TEXT	R5: log/console text
src/cli.ts	string	  - Authorization header (Bearer token)	arg(console.log)	startServer	1	K-TEXT	R5: log/console text
src/cli.ts	string	  - X-Figma-Api-Key header	arg(console.log)	startServer	1	K-TEXT	R5: log/console text
src/cli.ts	string	  - figmaApiKey query parameter	arg(console.log)	startServer	1	K-TEXT	R5: log/console text
src/cli.ts	string	  --http    Local testing via HTTP (requires API key)	arg(console.log)	startServer	1	K-TEXT	R5: log/console text
src/cli.ts	string	  --remote  Remote deployment (users provide keys via HTTP headers)	arg(console.log)	startServer	1	K-TEXT	R5: log/console text
src/cli.ts	string	  --stdio   MCP client communication (requires API key)	arg(console.log)	startServer	1	K-TEXT	R5: log/console text
src/cli.ts	string	Available modes:	arg(console.log)	startServer	1	K-TEXT	R5: log/console text
src/cli.ts	string	Failed to start server:	arg(console.error)	(module)	1	K-TEXT	R5: log/console text
src/cli.ts	string	Starting Figma Flutter Server in HTTP mode...	arg(console.log)	startServer	1	K-TEXT	R5: log/console text
src/cli.ts	string	Starting Figma Flutter Server in REMOTE mode...	arg(console.log)	startServer	1	K-TEXT	R5: log/console text
src/cli.ts	string	Starting Figma Flutter Server...	arg(console.log)	startServer	1	K-TEXT	R5: log/console text
src/cli.ts	string	Use --help for more options	arg(console.log)	startServer	1	K-TEXT	R5: log/console text
src/cli.ts	string	⚠️  Users MUST provide their own Figma API keys via:	arg(console.log)	startServer	1	K-TEXT	R5: log/console text
src/cli.ts	string	⚠️  You must provide your Figma API key via:	arg(console.log)	startServer	1	K-TEXT	R5: log/console text
src/cli.ts	string	✅ Server has fallback API key, but users can provide their own via:	arg(console.log)	startServer	1	K-TEXT	R5: log/console text
src/cli.ts	string	📝 Get API key: https://help.figma.com/hc/en-us/articles/8085703771159-Manage-personal-access-tokens	arg(console.log)	startServer	1	K-TEXT	R5: log/console text
src/cli.ts	string	📝 Get your API key: https://help.figma.com/hc/en-us/articles/8085703771159-Manage-personal-access-tokens	arg(console.log)	startServer	1	K-TEXT	R5: log/console text
src/config.ts	number	-4	arg(key.slice)	maskApiKey	1	K-TEXT	hand: log masking slice(-4) (config.ts:28)
src/config.ts	number	1	arg(process.exit)	getServerConfig	1	K-API	R3: process exit code
src/config.ts	number	10	arg(parseInt)	getServerConfig	1	K-CONV	hand: parseInt radix 10
src/config.ts	number	4	binary(<=)	maskApiKey	1	K-TEXT	hand: log masking: shows last 4 chars of the API key in startup log; no design value (config.ts:27)
src/config.ts	string		arg(console.error)	getServerConfig	3	K-TEXT	R5: log/console text
src/config.ts	string	  1. CLI argument: --figma-api-key=YOUR_API_KEY	arg(console.error)	getServerConfig	1	K-TEXT	R5: log/console text
src/config.ts	string	  2. Environment variable: FIGMA_API_KEY=YOUR_API_KEY in .env file	arg(console.error)	getServerConfig	1	K-TEXT	R5: log/console text
src/config.ts	string	****	return	maskApiKey	1	K-TEXT	hand: masked key placeholder
src/config.ts	string	..	arg(join)	getPackageVersion	1	K-API	hand: path to package.json one level above dist/ (config.ts:38); node path API
src/config.ts	string	.env	arg(resolve)	getServerConfig	1	K-API	hand: dotenv default file name .env in cwd (config.ts:101)
src/config.ts	string	Error: FIGMA_API_KEY is required for all modes.	arg(console.error)	getServerConfig	1	K-TEXT	R5: log/console text
src/config.ts	string	Examples:	arg(console.error)	getServerConfig	1	K-TEXT	R5: log/console text
src/config.ts	string	Get your API key from: https://help.figma.com/hc/en-us/articles/8085703771159-Manage-personal-access-tokens	arg(console.error)	getServerConfig	1	K-TEXT	R5: log/console text
src/config.ts	string	Note: In remote mode, this key serves as a fallback.	arg(console.error)	getServerConfig	1	K-TEXT	R5: log/console text
src/config.ts	string	Path to custom .env file to load environment variables from	prop(description)	getServerConfig	1	K-SCHEMA	R10: tool/param title or description
src/config.ts	string	Please provide your Figma API key via one of these methods:	arg(console.error)	getServerConfig	1	K-TEXT	R5: log/console text
src/config.ts	string	Port number for HTTP server	prop(description)	getServerConfig	1	K-SCHEMA	R10: tool/param title or description
src/config.ts	string	Run in HTTP mode for local testing	prop(description)	getServerConfig	1	K-SCHEMA	R10: tool/param title or description
src/config.ts	string	Run in remote mode - users provide their own Figma API keys	prop(description)	getServerConfig	1	K-SCHEMA	R10: tool/param title or description
src/config.ts	string	Run in stdio mode for MCP client communication	prop(description)	getServerConfig	1	K-SCHEMA	R10: tool/param title or description
src/config.ts	string	Users can still provide their own keys via HTTP headers for isolation.	arg(console.error)	getServerConfig	1	K-TEXT	R5: log/console text
src/config.ts	string	Your Figma API key (can also be set via FIGMA_API_KEY env var)	prop(description)	getServerConfig	1	K-SCHEMA	R10: tool/param title or description
src/config.ts	string	\nConfiguration:	arg(console.log)	getServerConfig	1	K-TEXT	R5: log/console text
src/config.ts	string	boolean	prop(type)	getServerConfig	3	K-API	R13: HTTP/MCP/JSON-RPC/Node/Figma protocol token, typeof tag or delimiter
src/config.ts	string	cli	binary(=)	getServerConfig	6	K-SCHEMA	R16: our config-source / output-format enum value
src/config.ts	string	cli	binary(===)	getServerConfig	1	K-SCHEMA	R16: our config-source / output-format enum value
src/config.ts	string	default	binary(=)	getServerConfig	1	K-SCHEMA	R16: our config-source / output-format enum value
src/config.ts	string	default	prop(http)	getServerConfig	1	K-SCHEMA	R16: our config-source / output-format enum value
src/config.ts	string	default	prop(port)	getServerConfig	1	K-SCHEMA	R16: our config-source / output-format enum value
src/config.ts	string	default	prop(remote)	getServerConfig	1	K-SCHEMA	R16: our config-source / output-format enum value
src/config.ts	string	default	prop(stdio)	getServerConfig	1	K-SCHEMA	R16: our config-source / output-format enum value
src/config.ts	string	env	binary(=)	getServerConfig	5	K-SCHEMA	R16: our config-source / output-format enum value
src/config.ts	string	figma-api-key	PropertySignature	(module)	1	K-API	R13: HTTP/MCP/JSON-RPC/Node/Figma protocol token, typeof tag or delimiter
src/config.ts	string	figma-api-key	index	getServerConfig	2	K-API	R13: HTTP/MCP/JSON-RPC/Node/Figma protocol token, typeof tag or delimiter
src/config.ts	string	figma-api-key	object-key	getServerConfig	1	K-API	R13: HTTP/MCP/JSON-RPC/Node/Figma protocol token, typeof tag or delimiter
src/config.ts	string	json	AssertEntry	(module)	1	K-API	file extension or encoding name
src/config.ts	string	json	prop(outputFormat)	getServerConfig	1	K-SCHEMA	R16: our config-source / output-format enum value
src/config.ts	string	none	prop(figmaApiKey)	getServerConfig	1	K-SCHEMA	R16: our config-source / output-format enum value
src/config.ts	string	number	prop(type)	getServerConfig	1	K-API	R13: HTTP/MCP/JSON-RPC/Node/Figma protocol token, typeof tag or delimiter
src/config.ts	string	package.json	arg(join)	getPackageVersion	1	K-API	hand: npm package.json
src/config.ts	string	string	prop(type)	getServerConfig	2	K-API	R13: HTTP/MCP/JSON-RPC/Node/Figma protocol token, typeof tag or delimiter
src/config.ts	string	true	binary(===)	getServerConfig	2	K-API	R13: HTTP/MCP/JSON-RPC/Node/Figma protocol token, typeof tag or delimiter
src/config.ts	string	utf8	arg(readFileSync)	getPackageVersion	1	K-API	R13: HTTP/MCP/JSON-RPC/Node/Figma protocol token, typeof tag or delimiter
src/config.ts	template	  ${…} --figma-api-key=YOUR_KEY --remote	arg(console.error)	getServerConfig	1	K-TEXT	report, label, log or error text
src/config.ts	template	  ${…} --figma-api-key=YOUR_KEY --stdio	arg(console.error)	getServerConfig	1	K-TEXT	report, label, log or error text
src/config.ts	template	  echo 'FIGMA_API_KEY=YOUR_KEY' > .env && ${…} --stdio	arg(console.error)	getServerConfig	1	K-TEXT	report, label, log or error text
src/config.ts	template	****${…}	return	maskApiKey	1	K-TEXT	hand: masked key text
src/config.ts	template	- ENV_FILE: ${…} (source: ${…})	arg(console.log)	getServerConfig	1	K-TEXT	R5: log/console text
src/config.ts	template	- FIGMA_API_KEY: ${…} (source: ${…})	arg(console.log)	getServerConfig	1	K-TEXT	R5: log/console text
src/config.ts	template	- FIGMA_API_KEY: Not set - users will provide their own (source: ${…})	arg(console.log)	getServerConfig	1	K-TEXT	R5: log/console text
src/config.ts	template	- HTTP_MODE: ${…} (source: ${…})	arg(console.log)	getServerConfig	1	K-TEXT	R5: log/console text
src/config.ts	template	- HTTP_PORT: ${…} (source: ${…})	arg(console.log)	getServerConfig	1	K-TEXT	R5: log/console text
src/config.ts	template	- REMOTE_MODE: ${…} (source: ${…})	arg(console.log)	getServerConfig	1	K-TEXT	R5: log/console text
src/config.ts	template	- STDIO_MODE: ${…} (source: ${…})	arg(console.log)	getServerConfig	1	K-TEXT	R5: log/console text
src/config.ts	type-string	cli	LiteralType	(module)	6	K-SCHEMA	R1: TS literal type for our own config/output field
src/config.ts	type-string	cli	LiteralType	getServerConfig	1	K-SCHEMA	R1: TS literal type for our own config/output field
src/config.ts	type-string	default	LiteralType	(module)	5	K-SCHEMA	R1: TS literal type for our own config/output field
src/config.ts	type-string	default	LiteralType	getServerConfig	1	K-SCHEMA	R1: TS literal type for our own config/output field
src/config.ts	type-string	env	LiteralType	(module)	5	K-SCHEMA	R1: TS literal type for our own config/output field
src/config.ts	type-string	json	LiteralType	(module)	1	K-SCHEMA	R1: TS literal type for our own config/output field
src/config.ts	type-string	none	LiteralType	(module)	1	K-SCHEMA	R1: TS literal type for our own config/output field
src/config.ts	type-string	yaml	LiteralType	(module)	1	K-SCHEMA	R1: TS literal type for our own config/output field
src/extractors/colors/extractor.ts	string	FRAME	binary(===)	findSolidFill	1	K-API	Figma REST enum value
src/extractors/colors/extractor.ts	string	RECTANGLE	binary(===)	findSolidFill	1	K-API	Figma REST enum value
src/extractors/colors/extractor.ts	string	SOLID	binary(===)	findSolidFill	1	K-API	Figma REST enum value
src/extractors/colors/extractor.ts	type-string	fills	LiteralType	findSolidFill	1	K-SCHEMA	literal in a TypeScript type
src/extractors/colors/types.ts	type-string	accent	LiteralType	(module)	1	K-SCHEMA	R2 member of our own output union type, src/extractors/colors/types.ts:21
src/extractors/colors/types.ts	type-string	background	LiteralType	(module)	1	K-SCHEMA	R2 member of our own output union type, src/extractors/colors/types.ts:21
src/extractors/colors/types.ts	type-string	other	LiteralType	(module)	1	K-SCHEMA	R2 member of our own output union type, src/extractors/colors/types.ts:21
src/extractors/colors/types.ts	type-string	primary	LiteralType	(module)	1	K-SCHEMA	R2 member of our own output union type, src/extractors/colors/types.ts:21
src/extractors/colors/types.ts	type-string	secondary	LiteralType	(module)	1	K-SCHEMA	R2 member of our own output union type, src/extractors/colors/types.ts:21
src/extractors/colors/types.ts	type-string	text	LiteralType	(module)	1	K-SCHEMA	R2 member of our own output union type, src/extractors/colors/types.ts:21
src/extractors/components/core.ts	number	0	binary(>)	analyzeComponent	1	K-CONV	rule R14: 0/1/-1/2 as index, count, comparator, loop bound or identity
src/extractors/components/core.ts	number	10	binary(??)	ComponentExtractor	1	F-HEUR	analysis cap; removed by ticket 15
src/extractors/components/core.ts	number	3	binary(??)	ComponentExtractor	1	F-HEUR	analysis cap; removed by ticket 15
src/extractors/components/core.ts	string	./variant-analyzer.js	arg(import)	analyzeComponentWithVariants	1	K-API	ES module path
src/extractors/components/core.ts	string	COMPONENT_SET	binary(!==)	analyzeComponentWithVariants	1	K-API	rule R9: Figma REST enum value
src/extractors/components/core.ts	string	Node is not a COMPONENT_SET	arg(Error)	analyzeComponentWithVariants	1	K-TEXT	rule R2: error message
src/extractors/components/deduplicated-extractor.ts	number	0	binary(>)	analyzeComponent	1	K-CONV	rule R14: 0/1/-1/2 as index, count, comparator, loop bound or identity
src/extractors/components/deduplicated-extractor.ts	number	1	binary(+)	analyzeChildren	1	K-CONV	rule R14: 0/1/-1/2 as index, count, comparator, loop bound or identity
src/extractors/components/deduplicated-extractor.ts	number	1	param-default(depth)	analyzeChildren	1	K-CONV	rule R14: 0/1/-1/2 as index, count, comparator, loop bound or identity
src/extractors/components/deduplicated-extractor.ts	number	8	var(MAX_CHILD_DEPTH)	MAX_CHILD_DEPTH	1	F-HEUR	analysis cap; removed by ticket 15
src/extractors/components/deduplicated-extractor.ts	string	BOOLEAN_OPERATION	binary(!==)	analyzeChildren	1	K-API	rule R9: Figma REST enum value
src/extractors/components/deduplicated-extractor.ts	string	COMPONENT	array	NESTED_COMPONENT_TYPES	1	K-API	rule R9: Figma REST enum value
src/extractors/components/deduplicated-extractor.ts	string	COMPONENT_SET	array	NESTED_COMPONENT_TYPES	1	K-API	rule R9: Figma REST enum value
src/extractors/components/deduplicated-extractor.ts	string	INSTANCE	array	NESTED_COMPONENT_TYPES	1	K-API	rule R9: Figma REST enum value
src/extractors/components/deduplicated-extractor.ts	string	TEXT	binary(!==)	analyzeChildren	1	K-API	rule R9: Figma REST enum value
src/extractors/components/deduplicated-extractor.ts	string	TEXT	binary(===)	analyzeChildren	1	K-API	rule R9: Figma REST enum value
src/extractors/components/deduplicated-extractor.ts	string	decoration	arg(this.globalStyleManager.addStyle)	analyzeChildren	1	K-SCHEMA	rule R16: own category / layout / semantic enum value or output key
src/extractors/components/deduplicated-extractor.ts	string	decoration	arg(this.globalStyleManager.addStyle)	analyzeComponent	1	K-SCHEMA	rule R16: own category / layout / semantic enum value or output key
src/extractors/components/deduplicated-extractor.ts	string	padding	arg(this.globalStyleManager.addStyle)	analyzeChildren	1	K-SCHEMA	rule R16: own category / layout / semantic enum value or output key
src/extractors/components/deduplicated-extractor.ts	string	padding	arg(this.globalStyleManager.addStyle)	analyzeComponent	1	K-SCHEMA	rule R16: own category / layout / semantic enum value or output key
src/extractors/components/deduplicated-extractor.ts	string	text	arg(this.globalStyleManager.addStyle)	analyzeChildren	1	K-SCHEMA	rule R16: own category / layout / semantic enum value or output key
src/extractors/components/extractor.ts	number	0	arg(visibleChildren\n            .slice)	createComponentChild	1	K-CONV	rule R14: 0/1/-1/2 as index, count, comparator, loop bound or identity
src/extractors/components/extractor.ts	number	0	binary(===)	analyzeChildren	1	K-CONV	rule R14: 0/1/-1/2 as index, count, comparator, loop bound or identity
src/extractors/components/extractor.ts	number	0	binary(===)	detectTextCase	2	K-CONV	rule R14: 0/1/-1/2 as index, count, comparator, loop bound or identity
src/extractors/components/extractor.ts	number	0	binary(>)	extractBasicStyling	2	K-CONV	rule R14: 0/1/-1/2 as index, count, comparator, loop bound or identity
src/extractors/components/extractor.ts	number	0	binary(>)	extractMetadata	1	K-CONV	rule R14: 0/1/-1/2 as index, count, comparator, loop bound or identity
src/extractors/components/extractor.ts	number	0	binary(>)	extractStylingInfo	3	K-CONV	rule R14: 0/1/-1/2 as index, count, comparator, loop bound or identity
src/extractors/components/extractor.ts	number	0	binary(>)	getActualTextContent	2	K-CONV	rule R14: 0/1/-1/2 as index, count, comparator, loop bound or identity
src/extractors/components/extractor.ts	number	0	binary(??)	extractLayoutInfo	2	K-CONV	layout fallback: a missing absoluteBoundingBox reads as zero size; ticket 11 left it in place
src/extractors/components/extractor.ts	number	0	binary(||)	extractLayoutInfo	3	K-CONV	layout fallback: a missing origin or item spacing reads as zero; ticket 11 left it in place
src/extractors/components/extractor.ts	number	0	binary(||)	extractMetadata	1	K-CONV	count of absent children = 0
src/extractors/components/extractor.ts	number	0	binary(||)	extractPadding	4	K-CONV	absent padding = 0 inset; REST paddingX default UNVERIFIED in fetched docs
src/extractors/components/extractor.ts	number	0	index	detectTextCase	4	K-CONV	rule R14: 0/1/-1/2 as index, count, comparator, loop bound or identity
src/extractors/components/extractor.ts	number	0	index	textOverrides	1	F-HEUR	only fills[0] is read; decision 14 says the last fill is on top and this is not yet probed; B3.90
src/extractors/components/extractor.ts	number	0	index	textStyleFields	1	F-HEUR	only fills[0] is read; decision 14 says the last fill is on top and this is not yet probed; B3.90
src/extractors/components/extractor.ts	number	0	param-default(depth)	createComponentChild	1	K-CONV	rule R14: 0/1/-1/2 as index, count, comparator, loop bound or identity
src/extractors/components/extractor.ts	number	0	var(i)	analyzeChildren	1	K-CONV	rule R14: 0/1/-1/2 as index, count, comparator, loop bound or identity
src/extractors/components/extractor.ts	number	1	binary(!==)	extractStylingInfo	1	K-API	node opacity 1 = fully opaque, Figma identity
src/extractors/components/extractor.ts	number	1	binary(+)	createComponentChild	1	K-CONV	rule R14: 0/1/-1/2 as index, count, comparator, loop bound or identity
src/extractors/components/extractor.ts	number	1	binary(??)	categorizeEffects	2	K-API	Figma Color: an absent alpha means fully opaque (1)
src/extractors/components/extractor.ts	number	16	arg(b.toString)	rgbaToHex	1	K-CONV	rule R13: 8-bit colour / hex / string slicing / indentation width
src/extractors/components/extractor.ts	number	16	arg(g.toString)	rgbaToHex	1	K-CONV	rule R13: 8-bit colour / hex / string slicing / indentation width
src/extractors/components/extractor.ts	number	16	arg(r.toString)	rgbaToHex	1	K-CONV	rule R13: 8-bit colour / hex / string slicing / indentation width
src/extractors/components/extractor.ts	number	2	arg(b.toString(16).padStart)	rgbaToHex	1	K-CONV	rule R13: 8-bit colour / hex / string slicing / indentation width
src/extractors/components/extractor.ts	number	2	arg(g.toString(16).padStart)	rgbaToHex	1	K-CONV	rule R13: 8-bit colour / hex / string slicing / indentation width
src/extractors/components/extractor.ts	number	2	arg(r.toString(16).padStart)	rgbaToHex	1	K-CONV	rule R13: 8-bit colour / hex / string slicing / indentation width
src/extractors/components/extractor.ts	number	255	binary(*)	rgbaToHex	3	K-CONV	rule R13: 8-bit colour / hex / string slicing / indentation width
src/extractors/components/extractor.ts	regex	/\s+/	arg(content.split)	detectTextCase	1	K-CONV	rule R12: whitespace split
src/extractors/components/extractor.ts	string	0	arg(b.toString(16).padStart)	rgbaToHex	1	K-CONV	rule R15: empty / separator / pad string
src/extractors/components/extractor.ts	string	0	arg(g.toString(16).padStart)	rgbaToHex	1	K-CONV	rule R15: empty / separator / pad string
src/extractors/components/extractor.ts	string	0	arg(r.toString(16).padStart)	rgbaToHex	1	K-CONV	rule R15: empty / separator / pad string
src/extractors/components/extractor.ts	string	BACKGROUND_BLUR	binary(===)	categorizeEffects	1	K-API	rule R9: Figma REST enum value
src/extractors/components/extractor.ts	string	COMPONENT	binary(===)	determineLayoutType	1	K-API	rule R9: Figma REST enum value
src/extractors/components/extractor.ts	string	COMPONENT	binary(===)	extractMetadata	1	K-API	rule R9: Figma REST enum value
src/extractors/components/extractor.ts	string	COMPONENT	binary(===)	isComponentNode	1	K-API	rule R9: Figma REST enum value
src/extractors/components/extractor.ts	string	COMPONENT_SET	binary(===)	extractMetadata	2	K-API	rule R9: Figma REST enum value
src/extractors/components/extractor.ts	string	COMPONENT_SET	binary(===)	isComponentNode	1	K-API	rule R9: Figma REST enum value
src/extractors/components/extractor.ts	string	DROP_SHADOW	binary(===)	categorizeEffects	1	K-API	rule R9: Figma REST enum value
src/extractors/components/extractor.ts	string	FRAME	binary(===)	determineLayoutType	1	K-API	rule R9: Figma REST enum value
src/extractors/components/extractor.ts	string	GRID	binary(!==)	determineLayoutType	1	K-API	Figma REST enum value
src/extractors/components/extractor.ts	string	GRID	binary(===)	extractLayoutInfo	1	K-API	Figma REST enum value
src/extractors/components/extractor.ts	string	HORIZONTAL	binary(===)	extractLayoutInfo	1	K-API	rule R9: Figma REST enum value
src/extractors/components/extractor.ts	string	INNER_SHADOW	binary(===)	categorizeEffects	1	K-API	rule R9: Figma REST enum value
src/extractors/components/extractor.ts	string	INSTANCE	binary(===)	createNestedComponentInfo	1	K-API	rule R9: Figma REST enum value
src/extractors/components/extractor.ts	string	INSTANCE	binary(===)	isComponentNode	1	K-API	rule R9: Figma REST enum value
src/extractors/components/extractor.ts	string	LAYER_BLUR	binary(===)	categorizeEffects	1	K-API	rule R9: Figma REST enum value
src/extractors/components/extractor.ts	string	NONE	binary(!==)	determineLayoutType	1	K-API	rule R9: Figma REST enum value
src/extractors/components/extractor.ts	string	NORMAL	binary(!==)	convertFillToColorInfo	1	K-API	Figma REST enum or field value
src/extractors/components/extractor.ts	string	TEXT	binary(!==)	extractTextInfo	1	K-API	rule R9: Figma REST enum value
src/extractors/components/extractor.ts	string	TEXT	binary(===)	createComponentChild	1	K-API	rule R9: Figma REST enum value
src/extractors/components/extractor.ts	string	absolute	return	determineLayoutType	1	K-SCHEMA	rule R16: own category / layout / semantic enum value or output key
src/extractors/components/extractor.ts	string	auto-layout	binary(===)	extractLayoutInfo	1	K-SCHEMA	rule R16: own category / layout / semantic enum value or output key
src/extractors/components/extractor.ts	string	auto-layout	return	determineLayoutType	1	K-SCHEMA	rule R16: own category / layout / semantic enum value or output key
src/extractors/components/extractor.ts	string	capitalize	return	detectTextCase	1	K-SCHEMA	rule R16: own category / layout / semantic enum value or output key
src/extractors/components/extractor.ts	string	frame	return	determineLayoutType	1	K-SCHEMA	rule R16: own category / layout / semantic enum value or output key
src/extractors/components/extractor.ts	string	horizontal	ternary	extractLayoutInfo	1	K-SCHEMA	rule R16: own category / layout / semantic enum value or output key
src/extractors/components/extractor.ts	string	lowercase	return	detectTextCase	1	K-SCHEMA	rule R16: own category / layout / semantic enum value or output key
src/extractors/components/extractor.ts	string	max_nodes	prop(reason)	analyzeChildren	1	K-SCHEMA	rule R16: own category / layout / semantic enum value or output key
src/extractors/components/extractor.ts	string	mixed	return	detectTextCase	2	K-SCHEMA	rule R16: own category / layout / semantic enum value or output key
src/extractors/components/extractor.ts	string	sentence	return	detectTextCase	1	K-SCHEMA	rule R16: own category / layout / semantic enum value or output key
src/extractors/components/extractor.ts	string	uppercase	return	detectTextCase	1	K-SCHEMA	rule R16: own category / layout / semantic enum value or output key
src/extractors/components/extractor.ts	string	vertical	ternary	extractLayoutInfo	1	K-API	layout direction: any layoutMode other than HORIZONTAL maps to vertical; GRID is reported separately by ticket 11
src/extractors/components/extractor.ts	template	#${…}${…}${…}	PropertyAccessExpression	rgbaToHex	1	K-CONV	hex colour string formatting
src/extractors/components/extractor.ts	type-string	COMPONENT	LiteralType	createNestedComponentInfo	1	K-API	rule R5: Figma enum in a TS type
src/extractors/components/extractor.ts	type-string	COMPONENT	LiteralType	extractMetadata	1	K-API	rule R5: Figma enum in a TS type
src/extractors/components/extractor.ts	type-string	COMPONENT_SET	LiteralType	createNestedComponentInfo	1	K-API	rule R5: Figma enum in a TS type
src/extractors/components/extractor.ts	type-string	COMPONENT_SET	LiteralType	extractMetadata	1	K-API	rule R5: Figma enum in a TS type
src/extractors/components/extractor.ts	type-string	FRAME	LiteralType	extractMetadata	1	K-API	rule R5: Figma enum in a TS type
src/extractors/components/extractor.ts	type-string	INSTANCE	LiteralType	createNestedComponentInfo	1	K-SCHEMA	literal in a TypeScript type
src/extractors/components/extractor.ts	type-string	absolute	LiteralType	determineLayoutType	1	K-SCHEMA	rule R7: own output enum / key in a TS type
src/extractors/components/extractor.ts	type-string	auto-layout	LiteralType	determineLayoutType	1	K-SCHEMA	rule R7: own output enum / key in a TS type
src/extractors/components/extractor.ts	type-string	basicInfo	LiteralType	createComponentChild	1	K-SCHEMA	rule R7: own output enum / key in a TS type
src/extractors/components/extractor.ts	type-string	capitalize	LiteralType	detectTextCase	1	K-SCHEMA	rule R7: own output enum / key in a TS type
src/extractors/components/extractor.ts	type-string	frame	LiteralType	determineLayoutType	1	K-SCHEMA	rule R7: own output enum / key in a TS type
src/extractors/components/extractor.ts	type-string	lowercase	LiteralType	detectTextCase	1	K-SCHEMA	rule R7: own output enum / key in a TS type
src/extractors/components/extractor.ts	type-string	mixed	LiteralType	detectTextCase	1	K-SCHEMA	rule R7: own output enum / key in a TS type
src/extractors/components/extractor.ts	type-string	sentence	LiteralType	detectTextCase	1	K-SCHEMA	rule R7: own output enum / key in a TS type
src/extractors/components/extractor.ts	type-string	uppercase	LiteralType	detectTextCase	1	K-SCHEMA	rule R7: own output enum / key in a TS type
src/extractors/components/types.ts	type-string	ABSOLUTE	LiteralType	(module)	1	K-API	rule R5: Figma enum in a TS type
src/extractors/components/types.ts	type-string	AUTO	LiteralType	(module)	1	K-API	rule R5: Figma enum in a TS type
src/extractors/components/types.ts	type-string	COMPONENT	LiteralType	(module)	2	K-API	rule R5: Figma enum in a TS type
src/extractors/components/types.ts	type-string	COMPONENT_SET	LiteralType	(module)	2	K-API	rule R5: Figma enum in a TS type
src/extractors/components/types.ts	type-string	FILL	LiteralType	(module)	2	K-API	rule R5: Figma enum in a TS type
src/extractors/components/types.ts	type-string	FIXED	LiteralType	(module)	2	K-API	rule R5: Figma enum in a TS type
src/extractors/components/types.ts	type-string	FRAME	LiteralType	(module)	1	K-API	rule R5: Figma enum in a TS type
src/extractors/components/types.ts	type-string	HUG	LiteralType	(module)	2	K-API	rule R5: Figma enum in a TS type
src/extractors/components/types.ts	type-string	INHERIT	LiteralType	(module)	1	K-API	rule R5: Figma enum in a TS type
src/extractors/components/types.ts	type-string	INSTANCE	LiteralType	(module)	1	K-SCHEMA	literal in a TypeScript type
src/extractors/components/types.ts	type-string	STRETCH	LiteralType	(module)	1	K-API	rule R5: Figma enum in a TS type
src/extractors/components/types.ts	type-string	absolute	LiteralType	(module)	1	K-SCHEMA	rule R7: own output enum / key in a TS type
src/extractors/components/types.ts	type-string	auto-layout	LiteralType	(module)	1	K-SCHEMA	rule R7: own output enum / key in a TS type
src/extractors/components/types.ts	type-string	capitalize	LiteralType	(module)	1	K-SCHEMA	rule R7: own output enum / key in a TS type
src/extractors/components/types.ts	type-string	depth_limit	LiteralType	(module)	1	K-SCHEMA	rule R7: own output enum / key in a TS type
src/extractors/components/types.ts	type-string	frame	LiteralType	(module)	1	K-SCHEMA	rule R7: own output enum / key in a TS type
src/extractors/components/types.ts	type-string	horizontal	LiteralType	(module)	1	K-SCHEMA	rule R7: own output enum / key in a TS type
src/extractors/components/types.ts	type-string	lowercase	LiteralType	(module)	1	K-SCHEMA	rule R7: own output enum / key in a TS type
src/extractors/components/types.ts	type-string	max_nodes	LiteralType	(module)	1	K-SCHEMA	rule R7: own output enum / key in a TS type
src/extractors/components/types.ts	type-string	mixed	LiteralType	(module)	1	K-SCHEMA	rule R7: own output enum / key in a TS type
src/extractors/components/types.ts	type-string	sentence	LiteralType	(module)	1	K-SCHEMA	rule R7: own output enum / key in a TS type
src/extractors/components/types.ts	type-string	uppercase	LiteralType	(module)	1	K-SCHEMA	rule R7: own output enum / key in a TS type
src/extractors/components/types.ts	type-string	vertical	LiteralType	(module)	1	K-SCHEMA	rule R7: own output enum / key in a TS type
src/extractors/components/variant-analyzer.ts	number	-1	binary(!==)	hasOption	1	K-CONV	index, count, midpoint or identity element
src/extractors/components/variant-analyzer.ts	number	0	binary(===)	analyzeComponentSet	1	K-CONV	rule R14: 0/1/-1/2 as index, count, comparator, loop bound or identity
src/extractors/components/variant-analyzer.ts	number	0	binary(===)	generateVariantSummary	1	K-CONV	rule R14: 0/1/-1/2 as index, count, comparator, loop bound or identity
src/extractors/components/variant-analyzer.ts	number	0	binary(===)	hasOption	1	K-CONV	index, count, midpoint or identity element
src/extractors/components/variant-analyzer.ts	number	0	binary(===)	parseVariantProperties	1	K-CONV	rule R14: 0/1/-1/2 as index, count, comparator, loop bound or identity
src/extractors/components/variant-analyzer.ts	number	0	binary(>)	analyzeComponentSet	1	K-CONV	rule R14: 0/1/-1/2 as index, count, comparator, loop bound or identity
src/extractors/components/variant-analyzer.ts	number	0	binary(>)	filterVariantsBySelection	2	K-CONV	rule R14: 0/1/-1/2 as index, count, comparator, loop bound or identity
src/extractors/components/variant-analyzer.ts	number	0	binary(>)	generateVariantSummary	2	K-CONV	rule R14: 0/1/-1/2 as index, count, comparator, loop bound or identity
src/extractors/components/variant-analyzer.ts	number	0	index	optionIn	1	K-CONV	index, count, midpoint or identity element
src/extractors/components/variant-analyzer.ts	number	1	binary(+)	generateVariantSummary	1	K-CONV	rule R14: 0/1/-1/2 as index, count, comparator, loop bound or identity
src/extractors/components/variant-analyzer.ts	number	1	binary(+)	hasOption	1	K-CONV	index, count, midpoint or identity element
src/extractors/components/variant-analyzer.ts	number	2	binary(-)	hasOption	1	K-CONV	index, count, midpoint or identity element
src/extractors/components/variant-analyzer.ts	string		binary(===)	hasOption	1	K-TEXT	report, label, log or error text
src/extractors/components/variant-analyzer.ts	string		binary(??)	getVariantAxes	1	K-TEXT	report, label, log or error text
src/extractors/components/variant-analyzer.ts	string		ternary	generateVariantSummary	1	K-TEXT	rule R2: summary text in list_component_variants, no design fact
src/extractors/components/variant-analyzer.ts	string	 (default)	ternary	generateVariantSummary	1	K-TEXT	rule R2: summary text in list_component_variants, no design fact
src/extractors/components/variant-analyzer.ts	string	,	arg(componentName.split)	parseVariantProperties	1	K-API	Figma variant name format "Property=Value, Property2=Value2" (help.figma.com 360056440594)
src/extractors/components/variant-analyzer.ts	string	, 	arg(axis.options.join)	generateVariantSummary	1	K-TEXT	rule R2: summary text in list_component_variants, no design fact
src/extractors/components/variant-analyzer.ts	string	, 	arg(rest.startsWith)	hasOption	1	K-TEXT	report, label, log or error text
src/extractors/components/variant-analyzer.ts	string	, 	binary(===)	hasOption	1	K-TEXT	report, label, log or error text
src/extractors/components/variant-analyzer.ts	string	=	arg(pair.split)	parseVariantProperties	1	K-API	Figma variant name format "Property=Value, Property2=Value2" (help.figma.com 360056440594)
src/extractors/components/variant-analyzer.ts	string	COMPONENT	binary(===)	analyzeComponentSet	1	K-API	rule R9: Figma REST enum value
src/extractors/components/variant-analyzer.ts	string	COMPONENT_SET	binary(!==)	analyzeComponentSet	1	K-API	rule R9: Figma REST enum value
src/extractors/components/variant-analyzer.ts	string	No variants found in component set.	return	generateVariantSummary	1	K-TEXT	rule R2: summary text in list_component_variants, no design fact
src/extractors/components/variant-analyzer.ts	string	Node is not a COMPONENT_SET	arg(Error)	analyzeComponentSet	1	K-TEXT	rule R2: error message
src/extractors/components/variant-analyzer.ts	string	VARIANT	binary(===)	getVariantAxes	1	K-API	Figma REST enum or field value
src/extractors/components/variant-analyzer.ts	string	\nFigma's defaults match no variant; none is marked default.\n	ternary	generateVariantSummary	1	K-TEXT	report, label, log or error text
src/extractors/components/variant-analyzer.ts	string	\nThis set has no VARIANT property definitions; no default variant is marked.\n	ternary	generateVariantSummary	1	K-TEXT	report, label, log or error text
src/extractors/components/variant-analyzer.ts	string	\nVariant axes (Figma componentPropertyDefinitions):\n	binary(+=)	generateVariantSummary	1	K-TEXT	report, label, log or error text
src/extractors/components/variant-analyzer.ts	string	variant	index	parseVariantProperties	2	K-SCHEMA	own output key for an unparsed variant name
src/extractors/components/variant-analyzer.ts	template	${…}. ${…}${…}\n	binary(+=)	generateVariantSummary	1	K-TEXT	rule R2: summary text in list_component_variants, no design fact
src/extractors/components/variant-analyzer.ts	template	${…}=${…}	var(token)	hasOption	1	K-TEXT	report, label, log or error text
src/extractors/components/variant-analyzer.ts	template	- ${…}: ${…} (default: ${…})\n	binary(+=)	generateVariantSummary	1	K-TEXT	report, label, log or error text
src/extractors/components/variant-analyzer.ts	template	Found ${…} variants:\n	var(summary)	generateVariantSummary	1	K-TEXT	rule R2: summary text in list_component_variants, no design fact
src/extractors/flutter/global-vars.ts	number	0	binary(===)	createSemanticKey	1	K-CONV	rule R14: 0/1/-1/2 as index, count, comparator, loop bound or identity
src/extractors/flutter/global-vars.ts	number	0	index	createSemanticKey	4	K-CONV	rule R14: 0/1/-1/2 as index, count, comparator, loop bound or identity
src/extractors/flutter/global-vars.ts	number	1	binary(=)	incrementUsage	1	K-CONV	rule R14: 0/1/-1/2 as index, count, comparator, loop bound or identity
src/extractors/flutter/global-vars.ts	number	1	binary(>)	createSemanticKey	1	K-CONV	rule R14: 0/1/-1/2 as index, count, comparator, loop bound or identity
src/extractors/flutter/global-vars.ts	string	#000	prop(hex)	normalizeProperties	1	K-CONV	hex shorthand / colour-name identity (#000 = #000000 = black); normalisation only
src/extractors/flutter/global-vars.ts	string	#000000	binary(===)	normalizeProperties	1	K-CONV	hex shorthand / colour-name identity (#000 = #000000 = black); normalisation only
src/extractors/flutter/global-vars.ts	string	#fff	prop(hex)	normalizeProperties	1	K-CONV	hex shorthand / colour-name identity (#000 = #000000 = black); normalisation only
src/extractors/flutter/global-vars.ts	string	#ffffff	binary(===)	normalizeProperties	1	K-CONV	hex shorthand / colour-name identity (#000 = #000000 = black); normalisation only
src/extractors/flutter/global-vars.ts	string	SOLID	binary(!==)	createSemanticKey	1	K-API	rule R9: Figma REST enum value
src/extractors/flutter/global-vars.ts	string	black	prop(normalized)	normalizeProperties	1	K-CONV	hex shorthand / colour-name identity (#000 = #000000 = black); normalisation only
src/extractors/flutter/global-vars.ts	string	cornerRadius	array	createSemanticKey	1	K-SCHEMA	rule R16: own category / layout / semantic enum value or output key
src/extractors/flutter/global-vars.ts	string	decoration	return	determineCategory	1	K-SCHEMA	rule R16: own category / layout / semantic enum value or output key
src/extractors/flutter/global-vars.ts	string	effects	binary(===)	createSemanticKey	1	K-SCHEMA	rule R16: own category / layout / semantic enum value or output key
src/extractors/flutter/global-vars.ts	string	fills	array	createSemanticKey	1	K-SCHEMA	rule R16: own category / layout / semantic enum value or output key
src/extractors/flutter/global-vars.ts	string	layout	return	determineCategory	1	K-SCHEMA	rule R16: own category / layout / semantic enum value or output key
src/extractors/flutter/global-vars.ts	string	number	binary(===)	createSemanticKey	1	K-API	rule R8: JS typeof result
src/extractors/flutter/global-vars.ts	string	padding	array	createSemanticKey	1	K-SCHEMA	rule R16: own category / layout / semantic enum value or output key
src/extractors/flutter/global-vars.ts	string	padding	return	determineCategory	1	K-SCHEMA	rule R16: own category / layout / semantic enum value or output key
src/extractors/flutter/global-vars.ts	string	text	return	determineCategory	1	K-SCHEMA	rule R16: own category / layout / semantic enum value or output key
src/extractors/flutter/global-vars.ts	string	white	prop(normalized)	normalizeProperties	1	K-CONV	hex shorthand / colour-name identity (#000 = #000000 = black); normalisation only
src/extractors/flutter/global-vars.ts	template	✅ GlobalStyleManager: Optimization complete	arg(Logger.info)	optimizeLibrary	1	K-TEXT	rule R1: Logger argument
src/extractors/flutter/global-vars.ts	template	🌐 GlobalStyleManager: Adding style with context: ${…}	arg(Logger.info)	addStyle	1	K-TEXT	rule R1: Logger argument
src/extractors/flutter/global-vars.ts	template	🎯 GlobalStyleManager: Found exact match ${…}	arg(Logger.info)	addStyle	1	K-TEXT	rule R1: Logger argument
src/extractors/flutter/global-vars.ts	template	📊 GlobalStyleManager: Optimization report:	arg(Logger.info)	optimizeLibrary	1	K-TEXT	rule R1: Logger argument
src/extractors/flutter/global-vars.ts	template	🔄 GlobalStyleManager: Synced with style library	arg(Logger.info)	optimizeLibrary	1	K-TEXT	rule R1: Logger argument
src/extractors/flutter/global-vars.ts	template	🔍 GlobalStyleManager: Found semantic match ${…}	arg(Logger.info)	addStyle	1	K-TEXT	rule R1: Logger argument
src/extractors/flutter/global-vars.ts	template	🔧 GlobalStyleManager: Starting library optimization	arg(Logger.info)	optimizeLibrary	1	K-TEXT	rule R1: Logger argument
src/extractors/flutter/style-library.ts	number	0	arg(generatedId.charAt)	addStyle	1	K-CONV	rule R4: id formatting (radix 36, slicing)
src/extractors/flutter/style-library.ts	number	0	arg(hash.substring)	addStyle	1	K-TEXT	rule R3: log formatting
src/extractors/flutter/style-library.ts	number	0	arg(semanticHash.substring)	addStyle	1	K-TEXT	rule R3: log formatting
src/extractors/flutter/style-library.ts	number	0	binary(===)	createSemanticKey	1	K-CONV	rule R14: 0/1/-1/2 as index, count, comparator, loop bound or identity
src/extractors/flutter/style-library.ts	number	0	binary(>)	createSemanticKey	2	K-CONV	rule R14: 0/1/-1/2 as index, count, comparator, loop bound or identity
src/extractors/flutter/style-library.ts	number	0	binary(>)	generateDecoration	2	K-CONV	rule R14: 0/1/-1/2 as index, count, comparator, loop bound or identity
src/extractors/flutter/style-library.ts	number	0	binary(>)	optimizeLibrary	1	K-CONV	rule R14: 0/1/-1/2 as index, count, comparator, loop bound or identity
src/extractors/flutter/style-library.ts	number	0	binary(>=)	nestFillLayers	1	K-CONV	index, count, midpoint or identity element
src/extractors/flutter/style-library.ts	number	0	index	createSemanticKey	4	K-CONV	rule R14: 0/1/-1/2 as index, count, comparator, loop bound or identity
src/extractors/flutter/style-library.ts	number	0	index	generateDecoration	2	K-CONV	index of the fill the style library reads
src/extractors/flutter/style-library.ts	number	0	index	optimizeLibrary	1	K-CONV	rule R14: 0/1/-1/2 as index, count, comparator, loop bound or identity
src/extractors/flutter/style-library.ts	number	0	var(duplicatesRemoved)	optimizeLibrary	1	K-CONV	rule R14: 0/1/-1/2 as index, count, comparator, loop bound or identity
src/extractors/flutter/style-library.ts	number	1	arg((properties.fills ?? []).slice)	generateFillLayers	1	K-CONV	index, count, midpoint or identity element
src/extractors/flutter/style-library.ts	number	1	arg(afterCount) / beforeCount * 100).toFixed)	optimizeLibrary	1	K-CONV	rule R14: 0/1/-1/2 as index, count, comparator, loop bound or identity
src/extractors/flutter/style-library.ts	number	1	arg(generatedId.slice)	addStyle	1	K-CONV	rule R4: id formatting (radix 36, slicing)
src/extractors/flutter/style-library.ts	number	1	binary(+)	addStyle	1	K-CONV	rule R14: 0/1/-1/2 as index, count, comparator, loop bound or identity
src/extractors/flutter/style-library.ts	number	1	binary(-)	nestFillLayers	1	K-CONV	index, count, midpoint or identity element
src/extractors/flutter/style-library.ts	number	1	binary(>)	createSemanticKey	1	K-CONV	rule R14: 0/1/-1/2 as index, count, comparator, loop bound or identity
src/extractors/flutter/style-library.ts	number	1	binary(>)	optimizeLibrary	1	K-CONV	rule R14: 0/1/-1/2 as index, count, comparator, loop bound or identity
src/extractors/flutter/style-library.ts	number	1	prop(usageCount)	addStyle	1	K-CONV	rule R14: 0/1/-1/2 as index, count, comparator, loop bound or identity
src/extractors/flutter/style-library.ts	number	1	var(i)	optimizeLibrary	1	K-CONV	rule R14: 0/1/-1/2 as index, count, comparator, loop bound or identity
src/extractors/flutter/style-library.ts	number	100	binary(*)	optimizeLibrary	1	K-CONV	ratio to percent
src/extractors/flutter/style-library.ts	number	2	arg(JSON.stringify)	addStyle	1	K-TEXT	rule R3: log formatting
src/extractors/flutter/style-library.ts	number	2	arg(JSON.stringify)	generateSemanticHash	2	K-TEXT	rule R3: log formatting
src/extractors/flutter/style-library.ts	number	2	arg(indentContinuation)	nestFillLayers	2	K-DART	indent width of emitted Dart
src/extractors/flutter/style-library.ts	number	20	arg(hash.substring)	addStyle	1	K-TEXT	rule R3: log formatting
src/extractors/flutter/style-library.ts	number	20	arg(semanticHash.substring)	addStyle	1	K-TEXT	rule R3: log formatting
src/extractors/flutter/style-library.ts	string		binary(??)	nestFillLayers	1	K-TEXT	report, label, log or error text
src/extractors/flutter/style-library.ts	string		return	radiusLines	1	K-TEXT	report, label, log or error text
src/extractors/flutter/style-library.ts	string		ternary	blendNote	1	K-TEXT	report, label, log or error text
src/extractors/flutter/style-library.ts	string		ternary	nestFillLayers	1	K-TEXT	report, label, log or error text
src/extractors/flutter/style-library.ts	string	 	PropertyAccessExpression	indentContinuation	1	K-TEXT	report, label, log or error text
src/extractors/flutter/style-library.ts	string	#000	binary(===)	normalizeProperties	1	K-CONV	hex shorthand / colour-name identity (#000 = #000000 = black); normalisation only
src/extractors/flutter/style-library.ts	string	#000000	binary(=)	normalizeProperties	1	K-CONV	hex shorthand / colour-name identity (#000 = #000000 = black); normalisation only
src/extractors/flutter/style-library.ts	string	#000000	binary(===)	normalizeProperties	1	K-CONV	hex shorthand / colour-name identity (#000 = #000000 = black); normalisation only
src/extractors/flutter/style-library.ts	string	#fff	binary(===)	normalizeProperties	1	K-CONV	hex shorthand / colour-name identity (#000 = #000000 = black); normalisation only
src/extractors/flutter/style-library.ts	string	#ffffff	binary(=)	normalizeProperties	1	K-CONV	hex shorthand / colour-name identity (#000 = #000000 = black); normalisation only
src/extractors/flutter/style-library.ts	string	#ffffff	binary(===)	normalizeProperties	1	K-CONV	hex shorthand / colour-name identity (#000 = #000000 = black); normalisation only
src/extractors/flutter/style-library.ts	string	)	binary(+=)	generateDecoration	1	K-DART	rule R10: Dart syntax / punctuation / indentation / hex formatting in emitted code
src/extractors/flutter/style-library.ts	string	0%	ternary	optimizeLibrary	1	K-TEXT	rule R2: optimisation report text
src/extractors/flutter/style-library.ts	string	BoxDecoration(\n	var(code)	generateDecoration	1	K-DART	rule R10: Dart syntax / punctuation / indentation / hex formatting in emitted code
src/extractors/flutter/style-library.ts	string	EdgeInsets.zero	return	generatePadding	1	K-DART	EdgeInsets.zero for absent padding
src/extractors/flutter/style-library.ts	string	SOLID	binary(!==)	createSemanticKey	1	K-API	rule R9: Figma REST enum value
src/extractors/flutter/style-library.ts	string	TextStyle()	binary(??)	generateTextStyle	1	K-DART	empty TextStyle()
src/extractors/flutter/style-library.ts	string	\n	arg(code.split)	indentContinuation	1	K-TEXT	report, label, log or error text
src/extractors/flutter/style-library.ts	string	black	binary(=)	normalizeProperties	1	K-CONV	hex shorthand / colour-name identity (#000 = #000000 = black); normalisation only
src/extractors/flutter/style-library.ts	string	cornerRadius	array	createSemanticKey	1	K-SCHEMA	rule R16: own category / layout / semantic enum value or output key
src/extractors/flutter/style-library.ts	string	decoration	case	generateFlutterCode	1	K-SCHEMA	rule R16: own category / layout / semantic enum value or output key
src/extractors/flutter/style-library.ts	string	effects	binary(===)	createSemanticKey	1	K-SCHEMA	rule R16: own category / layout / semantic enum value or output key
src/extractors/flutter/style-library.ts	string	fills	array	createSemanticKey	1	K-SCHEMA	rule R16: own category / layout / semantic enum value or output key
src/extractors/flutter/style-library.ts	string	layout	case	generateFlutterCode	1	K-SCHEMA	rule R16: own category / layout / semantic enum value or output key
src/extractors/flutter/style-library.ts	string	number	binary(===)	createSemanticKey	1	K-API	rule R8: JS typeof result
src/extractors/flutter/style-library.ts	string	number	binary(===)	radiusLines	1	K-TEXT	report, label, log or error text
src/extractors/flutter/style-library.ts	string	object	binary(===)	normalizeProperties	1	K-API	rule R8: JS typeof result
src/extractors/flutter/style-library.ts	string	object	binary(===)	stableStringify	1	K-API	rule R8: JS typeof result
src/extractors/flutter/style-library.ts	string	padding	array	createSemanticKey	1	K-SCHEMA	rule R16: own category / layout / semantic enum value or output key
src/extractors/flutter/style-library.ts	string	padding	case	generateFlutterCode	1	K-SCHEMA	rule R16: own category / layout / semantic enum value or output key
src/extractors/flutter/style-library.ts	string	text	case	generateFlutterCode	1	K-SCHEMA	rule R16: own category / layout / semantic enum value or output key
src/extractors/flutter/style-library.ts	string	white	binary(=)	normalizeProperties	1	K-CONV	hex shorthand / colour-name identity (#000 = #000000 = black); normalisation only
src/extractors/flutter/style-library.ts	template	      // offset: not set by Figma\n	ternary	generateDecoration	1	K-TEXT	report, label, log or error text
src/extractors/flutter/style-library.ts	template	      blurRadius: ${…},\n	binary(+=)	generateDecoration	1	K-DART	rule R10: Dart syntax / punctuation / indentation / hex formatting in emitted code
src/extractors/flutter/style-library.ts	template	      color: ${…},\n	binary(+=)	generateDecoration	1	K-DART	emitted Dart code
src/extractors/flutter/style-library.ts	template	      offset: Offset(${…}, ${…}),\n	ternary	generateDecoration	1	K-DART	rule R10: Dart syntax / punctuation / indentation / hex formatting in emitted code
src/extractors/flutter/style-library.ts	template	      spreadRadius: ${…},\n	binary(+=)	generateDecoration	1	K-DART	rule R10: Dart syntax / punctuation / indentation / hex formatting in emitted code
src/extractors/flutter/style-library.ts	template	    ),\n	binary(+=)	generateDecoration	1	K-DART	rule R10: Dart syntax / punctuation / indentation / hex formatting in emitted code
src/extractors/flutter/style-library.ts	template	    BoxShadow(\n	binary(+=)	generateDecoration	1	K-DART	rule R10: Dart syntax / punctuation / indentation / hex formatting in emitted code
src/extractors/flutter/style-library.ts	template	    bottomLeft: Radius.circular(${…}),\n	binary(+)	radiusLines	1	K-DART	emitted Dart code
src/extractors/flutter/style-library.ts	template	    bottomRight: Radius.circular(${…}),\n	binary(+)	radiusLines	1	K-DART	emitted Dart code
src/extractors/flutter/style-library.ts	template	    topLeft: Radius.circular(${…}),\n	binary(+)	radiusLines	1	K-DART	emitted Dart code
src/extractors/flutter/style-library.ts	template	    topRight: Radius.circular(${…}),\n	binary(+)	radiusLines	1	K-DART	emitted Dart code
src/extractors/flutter/style-library.ts	template	  ),\n	binary(+)	radiusLines	1	K-DART	emitted Dart code
src/extractors/flutter/style-library.ts	template	  // approximate: blend ${…} not applied\n	ternary	blendNote	1	K-TEXT	report, label, log or error text
src/extractors/flutter/style-library.ts	template	  ],\n	binary(+=)	generateDecoration	1	K-DART	rule R10: Dart syntax / punctuation / indentation / hex formatting in emitted code
src/extractors/flutter/style-library.ts	template	  borderRadius: BorderRadius.circular(${…}),\n	return	radiusLines	1	K-DART	emitted Dart code
src/extractors/flutter/style-library.ts	template	  borderRadius: BorderRadius.only(\n	binary(+)	radiusLines	1	K-DART	emitted Dart code
src/extractors/flutter/style-library.ts	template	  boxShadow: [\n	binary(+=)	generateDecoration	1	K-DART	rule R10: Dart syntax / punctuation / indentation / hex formatting in emitted code
src/extractors/flutter/style-library.ts	template	  child: ${…},\n	ternary	nestFillLayers	1	K-DART	emitted Dart code
src/extractors/flutter/style-library.ts	template	${…}  color: ${…},\n	binary(+=)	generateDecoration	1	K-DART	emitted Dart code
src/extractors/flutter/style-library.ts	template	${…}${…}${…}	var(styleId)	addStyle	1	K-CONV	rule R4: id formatting (radix 36, slicing)
src/extractors/flutter/style-library.ts	template	${…}%	ternary	optimizeLibrary	1	K-TEXT	rule R2: optimisation report text
src/extractors/flutter/style-library.ts	template	// ${…} implementation	return	generateFlutterCode	2	K-DART	rule R10: Dart syntax / punctuation / indentation / hex formatting in emitted code
src/extractors/flutter/style-library.ts	template	BoxDecoration(\n${…}  color: ${…},\n${…})	ArrowFunction	generateFillLayers	1	K-DART	emitted Dart code
src/extractors/flutter/style-library.ts	template	DecoratedBox(\n  decoration: ${…},\n${…})	binary(=)	nestFillLayers	1	K-DART	emitted Dart code
src/extractors/flutter/style-library.ts	template	EdgeInsets.all(${…})	return	generatePadding	1	K-DART	rule R10: Dart syntax / punctuation / indentation / hex formatting in emitted code
src/extractors/flutter/style-library.ts	template	EdgeInsets.fromLTRB(${…}, ${…}, ${…}, ${…})	return	generatePadding	1	K-DART	rule R10: Dart syntax / punctuation / indentation / hex formatting in emitted code
src/extractors/flutter/style-library.ts	template	\n${…}	arg(code.split('\n').join)	indentContinuation	1	K-TEXT	report, label, log or error text
src/extractors/flutter/style-library.ts	template	✅ Exact match found! Reusing style ${…} (usage: ${…})	arg(Logger.info)	addStyle	1	K-TEXT	rule R1: Logger argument
src/extractors/flutter/style-library.ts	template	✨ Created new style: ${…} (total styles: ${…})	arg(Logger.info)	addStyle	1	K-TEXT	rule R1: Logger argument
src/extractors/flutter/style-library.ts	template	🎨 Adding ${…} style with properties:	arg(Logger.info)	addStyle	1	K-TEXT	rule R1: Logger argument
src/extractors/flutter/style-library.ts	template	📝 Generated hashes - Exact: ${…}..., Semantic: ${…}...	arg(Logger.info)	addStyle	1	K-TEXT	rule R1: Logger argument
src/extractors/flutter/style-library.ts	template	🔄 Normalized properties:	arg(Logger.info)	generateSemanticHash	1	K-TEXT	rule R1: Logger argument
src/extractors/flutter/style-library.ts	template	🔍 Semantic match found! Reusing style ${…} (usage: ${…})	arg(Logger.info)	addStyle	1	K-TEXT	rule R1: Logger argument
src/extractors/flutter/style-library.ts	template	🔑 Semantic key:	arg(Logger.info)	generateSemanticHash	1	K-TEXT	rule R1: Logger argument
src/extractors/flutter/style-library.ts	type-string	decoration	LiteralType	(module)	1	K-SCHEMA	rule R7: own output enum / key in a TS type
src/extractors/flutter/style-library.ts	type-string	layout	LiteralType	(module)	1	K-SCHEMA	rule R7: own output enum / key in a TS type
src/extractors/flutter/style-library.ts	type-string	padding	LiteralType	(module)	1	K-SCHEMA	rule R7: own output enum / key in a TS type
src/extractors/flutter/style-library.ts	type-string	text	LiteralType	(module)	1	K-SCHEMA	rule R7: own output enum / key in a TS type
src/extractors/flutter/text-style.ts	number	0	arg(Math.max)	textRuns	1	K-CONV	rule R14: 0/1/-1/2 as index, count, comparator, loop bound or identity
src/extractors/flutter/text-style.ts	number	0	binary(!==)	textRuns	1	K-CONV	rule R14: 0/1/-1/2 as index, count, comparator, loop bound or identity
src/extractors/flutter/text-style.ts	number	0	binary(===)	fontWeightCode	1	K-CONV	rule R14: 0/1/-1/2 as index, count, comparator, loop bound or identity
src/extractors/flutter/text-style.ts	number	0	binary(===)	singleTextCode	1	K-CONV	rule R14: 0/1/-1/2 as index, count, comparator, loop bound or identity
src/extractors/flutter/text-style.ts	number	0	binary(===)	textRuns	1	K-CONV	rule R14: 0/1/-1/2 as index, count, comparator, loop bound or identity
src/extractors/flutter/text-style.ts	number	0	binary(===)	textStyleCode	1	K-CONV	rule R13: 8-bit colour / hex / string slicing / indentation width
src/extractors/flutter/text-style.ts	number	0	binary(>)	convertTextWidget	1	K-CONV	rule R14: 0/1/-1/2 as index, count, comparator, loop bound or identity
src/extractors/flutter/text-style.ts	number	0	binary(>)	overriddenFields	1	K-CONV	rule R14: 0/1/-1/2 as index, count, comparator, loop bound or identity
src/extractors/flutter/text-style.ts	number	0	binary(>)	textStyleCode	1	K-CONV	rule R13: 8-bit colour / hex / string slicing / indentation width
src/extractors/flutter/text-style.ts	number	0	binary(??)	convertTypeStyle	1	K-CONV	decision 4: letterSpacing 0 always emitted
src/extractors/flutter/text-style.ts	number	0	binary(??)	idAt	1	K-CONV	rule R14: 0/1/-1/2 as index, count, comparator, loop bound or identity
src/extractors/flutter/text-style.ts	number	0	index	textRuns	1	K-CONV	rule R14: 0/1/-1/2 as index, count, comparator, loop bound or identity
src/extractors/flutter/text-style.ts	number	0	var(start)	textRuns	1	K-CONV	rule R14: 0/1/-1/2 as index, count, comparator, loop bound or identity
src/extractors/flutter/text-style.ts	number	1	arg(Math.max)	convertTextWidget	1	K-CONV	at least one line; rule marked // inferred in output (text-style.ts:251)
src/extractors/flutter/text-style.ts	number	1	arg(fields.color.substring)	textStyleCode	1	K-CONV	rule R13: 8-bit colour / hex / string slicing / indentation width
src/extractors/flutter/text-style.ts	number	1	binary(-)	textRuns	1	K-CONV	rule R14: 0/1/-1/2 as index, count, comparator, loop bound or identity
src/extractors/flutter/text-style.ts	number	1	var(i)	textRuns	1	K-CONV	rule R14: 0/1/-1/2 as index, count, comparator, loop bound or identity
src/extractors/flutter/text-style.ts	number	100	binary(%)	fontWeightCode	1	K-DART	FontWeight.w100..w900 grid (https://api.flutter.dev/flutter/dart-ui/FontWeight-class.html)
src/extractors/flutter/text-style.ts	number	100	binary(/)	convertTypeStyle	1	K-CONV	percent to ratio
src/extractors/flutter/text-style.ts	number	100	binary(>=)	fontWeightCode	1	K-DART	FontWeight.w100..w900 grid (https://api.flutter.dev/flutter/dart-ui/FontWeight-class.html)
src/extractors/flutter/text-style.ts	number	2	arg(indentTail)	textWidgetCode	1	K-CONV	rule R13: 8-bit colour / hex / string slicing / indentation width
src/extractors/flutter/text-style.ts	number	4	arg(indentTail)	paragraphsCode	1	K-CONV	rule R13: 8-bit colour / hex / string slicing / indentation width
src/extractors/flutter/text-style.ts	number	4	arg(indentTail)	textWidgetCode	1	K-CONV	rule R13: 8-bit colour / hex / string slicing / indentation width
src/extractors/flutter/text-style.ts	number	900	binary(<=)	fontWeightCode	1	K-DART	FontWeight.w100..w900 grid (https://api.flutter.dev/flutter/dart-ui/FontWeight-class.html)
src/extractors/flutter/text-style.ts	regex	/(^|[^\p{L}\p{N}'\u2019])(\p{L})/gu	arg((before + text).replace)	applyTextCase	1	K-DART	rule R11: Dart string escaping / indentation / Unicode word-start regex
src/extractors/flutter/text-style.ts	regex	/[\\'$]/g	arg(text.replace)	dartString	1	K-DART	rule R11: Dart string escaping / indentation / Unicode word-start regex
src/extractors/flutter/text-style.ts	regex	/\n/g	arg(code.replace)	indentTail	1	K-DART	rule R11: Dart string escaping / indentation / Unicode word-start regex
src/extractors/flutter/text-style.ts	regex	/\n/g	arg(lace(/[\\'$]/g, (c) => `\\${c}`).replace)	dartString	1	K-DART	rule R11: Dart string escaping / indentation / Unicode word-start regex
src/extractors/flutter/text-style.ts	string		arg(args.map((arg) => `  ${arg}\n`).join)	singleTextCode	1	K-DART	rule R10: Dart syntax / punctuation / indentation / hex formatting in emitted code
src/extractors/flutter/text-style.ts	string		arg(style: ${style}` : ''}),\n`;\n    }).join)	singleTextCode	1	K-DART	rule R10: Dart syntax / punctuation / indentation / hex formatting in emitted code
src/extractors/flutter/text-style.ts	string		param-default(before)	applyTextCase	1	K-CONV	pad / join / empty-prefix string
src/extractors/flutter/text-style.ts	string		ternary	singleTextCode	3	K-DART	rule R10: Dart syntax / punctuation / indentation / hex formatting in emitted code
src/extractors/flutter/text-style.ts	string		ternary	textWidgetCode	1	K-DART	rule R10: Dart syntax / punctuation / indentation / hex formatting in emitted code
src/extractors/flutter/text-style.ts	string	 	PropertyAccessExpression	indentTail	1	K-DART	rule R10: Dart syntax / punctuation / indentation / hex formatting in emitted code
src/extractors/flutter/text-style.ts	string	 // inferred: floor(boxHeight / lineHeightPx)	ternary	singleTextCode	1	K-DART	rule R10: Dart syntax / punctuation / indentation / hex formatting in emitted code
src/extractors/flutter/text-style.ts	string	 // maxLines unknown: Figma gave no line count or box height	ternary	singleTextCode	1	K-DART	rule R10: Dart syntax / punctuation / indentation / hex formatting in emitted code
src/extractors/flutter/text-style.ts	string	, 	arg( => `FontFeature.enable('${tag}')`).join)	textStyleCode	1	K-DART	rule R10: Dart syntax / punctuation / indentation / hex formatting in emitted code
src/extractors/flutter/text-style.ts	string	, 	arg(parts.join)	textStyleCode	1	K-DART	rule R10: Dart syntax / punctuation / indentation / hex formatting in emitted code
src/extractors/flutter/text-style.ts	string	, 	arg(widget.notConverted.join)	textWidgetCode	1	K-DART	rule R10: Dart syntax / punctuation / indentation / hex formatting in emitted code
src/extractors/flutter/text-style.ts	string	BOTTOM	binary(===)	convertTextWidget	1	K-API	rule R9: Figma REST enum value
src/extractors/flutter/text-style.ts	string	CENTER	binary(===)	convertTextWidget	2	K-API	rule R9: Figma REST enum value
src/extractors/flutter/text-style.ts	string	Center	binary(===)	convertTextWidget	1	K-DART	rule R6: Flutter enum member name emitted in Dart
src/extractors/flutter/text-style.ts	string	Center	ternary	convertTextWidget	1	K-DART	rule R6: Flutter enum member name emitted in Dart
src/extractors/flutter/text-style.ts	string	ENDING	binary(===)	convertTextWidget	2	K-API	rule R9: Figma REST enum value
src/extractors/flutter/text-style.ts	string	FONT_SIZE_%	binary(===)	convertTypeStyle	1	K-API	rule R9: Figma REST enum value
src/extractors/flutter/text-style.ts	string	LOWER	binary(===)	applyTextCase	1	K-API	rule R9: Figma REST enum value
src/extractors/flutter/text-style.ts	string	Left	ternary	convertTextWidget	1	K-DART	rule R6: Flutter enum member name emitted in Dart
src/extractors/flutter/text-style.ts	string	NONE	binary(!==)	convertTextWidget	1	K-API	rule R9: Figma REST enum value
src/extractors/flutter/text-style.ts	string	NONE	binary(===)	convertTextWidget	1	K-API	rule R9: Figma REST enum value
src/extractors/flutter/text-style.ts	string	Right	ternary	convertTextWidget	1	K-DART	rule R6: Flutter enum member name emitted in Dart
src/extractors/flutter/text-style.ts	string	SMALL_CAPS	binary(===)	convertTypeStyle	1	K-API	rule R9: Figma REST enum value
src/extractors/flutter/text-style.ts	string	SMALL_CAPS_FORCED	binary(===)	convertTypeStyle	1	K-API	rule R9: Figma REST enum value
src/extractors/flutter/text-style.ts	string	TITLE	binary(===)	applyTextCase	1	K-API	rule R9: Figma REST enum value
src/extractors/flutter/text-style.ts	string	TRUNCATE	binary(===)	convertTextWidget	2	K-API	rule R9: Figma REST enum value
src/extractors/flutter/text-style.ts	string	UPPER	binary(===)	applyTextCase	1	K-API	rule R9: Figma REST enum value
src/extractors/flutter/text-style.ts	string	\n	arg(lace(/[\\'$]/g, (c) => `\\${c}`).replace)	dartString	1	K-DART	rule R10: Dart syntax / punctuation / indentation / hex formatting in emitted code
src/extractors/flutter/text-style.ts	string	\n	arg(widget.text.includes)	convertTextWidget	1	K-DART	rule R10: Dart syntax / punctuation / indentation / hex formatting in emitted code
src/extractors/flutter/text-style.ts	string	\n	arg(widget.text.split)	convertTextWidget	1	K-DART	rule R10: Dart syntax / punctuation / indentation / hex formatting in emitted code
src/extractors/flutter/text-style.ts	string	bottom	ternary	convertTextWidget	1	K-DART	rule R6: Flutter enum member name emitted in Dart
src/extractors/flutter/text-style.ts	string	c2sc	array	convertTypeStyle	1	K-API	OpenType feature tag; mapping already emitted /* inferred */
src/extractors/flutter/text-style.ts	string	center	binary(===)	convertTextWidget	2	K-DART	rule R6: Flutter enum member name emitted in Dart
src/extractors/flutter/text-style.ts	string	center	binary(===)	paragraphsCode	1	K-DART	rule R6: Flutter enum member name emitted in Dart
src/extractors/flutter/text-style.ts	string	center	prop(CENTER)	convertTextWidget	1	K-DART	rule R6: Flutter enum member name emitted in Dart
src/extractors/flutter/text-style.ts	string	center	ternary	convertTextWidget	2	K-DART	rule R6: Flutter enum member name emitted in Dart
src/extractors/flutter/text-style.ts	string	center	ternary	paragraphsCode	1	K-DART	rule R6: Flutter enum member name emitted in Dart
src/extractors/flutter/text-style.ts	string	end	ternary	paragraphsCode	1	K-DART	rule R6: Flutter enum member name emitted in Dart
src/extractors/flutter/text-style.ts	string	fontFeatures: const []	arg(parts.push)	textStyleCode	1	K-DART	rule R10: Dart syntax / punctuation / indentation / hex formatting in emitted code
src/extractors/flutter/text-style.ts	string	italic	ternary	textStyleCode	1	K-DART	rule R6: Flutter enum member name emitted in Dart
src/extractors/flutter/text-style.ts	string	justify	prop(JUSTIFIED)	convertTextWidget	1	K-DART	rule R6: Flutter enum member name emitted in Dart
src/extractors/flutter/text-style.ts	string	leadingDistribution: TextLeadingDistribution.even	arg(parts.push)	textStyleCode	1	K-DART	rule R10: Dart syntax / punctuation / indentation / hex formatting in emitted code
src/extractors/flutter/text-style.ts	string	left	prop(LEFT)	convertTextWidget	1	K-DART	rule R6: Flutter enum member name emitted in Dart
src/extractors/flutter/text-style.ts	string	lineThrough	prop(STRIKETHROUGH)	convertTypeStyle	1	K-DART	rule R6: Flutter enum member name emitted in Dart
src/extractors/flutter/text-style.ts	string	none	prop(decoration)	SWITCHED_OFF	1	K-DART	rule R6: Flutter enum member name emitted in Dart
src/extractors/flutter/text-style.ts	string	normal	ternary	textStyleCode	1	K-DART	rule R6: Flutter enum member name emitted in Dart
src/extractors/flutter/text-style.ts	string	right	binary(===)	convertTextWidget	1	K-DART	rule R6: Flutter enum member name emitted in Dart
src/extractors/flutter/text-style.ts	string	right	binary(===)	paragraphsCode	1	K-DART	rule R6: Flutter enum member name emitted in Dart
src/extractors/flutter/text-style.ts	string	right	prop(RIGHT)	convertTextWidget	1	K-DART	rule R6: Flutter enum member name emitted in Dart
src/extractors/flutter/text-style.ts	string	smcp	array	convertTypeStyle	2	K-API	OpenType feature tag; mapping already emitted /* inferred */
src/extractors/flutter/text-style.ts	string	start	ternary	paragraphsCode	1	K-DART	rule R6: Flutter enum member name emitted in Dart
src/extractors/flutter/text-style.ts	string	underline	prop(UNDERLINE)	convertTypeStyle	1	K-DART	rule R6: Flutter enum member name emitted in Dart
src/extractors/flutter/text-style.ts	template	    ${…},\n	ArrowFunction	paragraphsCode	1	K-DART	rule R10: Dart syntax / punctuation / indentation / hex formatting in emitted code
src/extractors/flutter/text-style.ts	template	    SizedBox(height: ${…}),\n	arg(et, text, styleCode), 4)},\n`)\n    .join)	paragraphsCode	1	K-DART	rule R10: Dart syntax / punctuation / indentation / hex formatting in emitted code
src/extractors/flutter/text-style.ts	template	    TextSpan(text: ${…}${…}),\n	return	singleTextCode	1	K-DART	rule R10: Dart syntax / punctuation / indentation / hex formatting in emitted code
src/extractors/flutter/text-style.ts	template	    alignment: Alignment.${…}, // inferred: vertical alignment inside the fixed-height box\n	binary(+)	textWidgetCode	1	K-DART	rule R10: Dart syntax / punctuation / indentation / hex formatting in emitted code
src/extractors/flutter/text-style.ts	template	    child: ${…},\n  ),\n)	binary(+)	textWidgetCode	1	K-DART	rule R10: Dart syntax / punctuation / indentation / hex formatting in emitted code
src/extractors/flutter/text-style.ts	template	  ${…}\n	ArrowFunction	singleTextCode	1	K-DART	rule R10: Dart syntax / punctuation / indentation / hex formatting in emitted code
src/extractors/flutter/text-style.ts	template	  width: ${…},\n	ternary	textWidgetCode	1	K-DART	rule R10: Dart syntax / punctuation / indentation / hex formatting in emitted code
src/extractors/flutter/text-style.ts	template	'${…}'	return	dartString	1	K-DART	rule R10: Dart syntax / punctuation / indentation / hex formatting in emitted code
src/extractors/flutter/text-style.ts	template	, style: ${…}	ternary	singleTextCode	1	K-DART	rule R10: Dart syntax / punctuation / indentation / hex formatting in emitted code
src/extractors/flutter/text-style.ts	template	// not converted: ${…}\n${…}	ternary	textWidgetCode	1	K-DART	rule R10: Dart syntax / punctuation / indentation / hex formatting in emitted code
src/extractors/flutter/text-style.ts	template	Column(\n  mainAxisSize: MainAxisSize.min,\n  crossAxisAlignment: CrossAxisAlignment.${…}, // inferred: paragraph spacing as separate Texts\n  children: [\n${…}	return	paragraphsCode	1	K-DART	rule R10: Dart syntax / punctuation / indentation / hex formatting in emitted code
src/extractors/flutter/text-style.ts	template	FontFeature.enable('${…}')	ArrowFunction	textStyleCode	1	K-DART	rule R10: Dart syntax / punctuation / indentation / hex formatting in emitted code
src/extractors/flutter/text-style.ts	template	FontWeight(${…})	ternary	fontWeightCode	1	K-DART	rule R10: Dart syntax / punctuation / indentation / hex formatting in emitted code
src/extractors/flutter/text-style.ts	template	FontWeight.w${…}	ternary	fontWeightCode	1	K-DART	rule R10: Dart syntax / punctuation / indentation / hex formatting in emitted code
src/extractors/flutter/text-style.ts	template	SizedBox(\n${…}  child: ${…},\n)	binary(=)	textWidgetCode	1	K-DART	rule R10: Dart syntax / punctuation / indentation / hex formatting in emitted code
src/extractors/flutter/text-style.ts	template	SizedBox(\n${…}  height: ${…},\n  child: Align(\n	binary(+)	textWidgetCode	1	K-DART	rule R10: Dart syntax / punctuation / indentation / hex formatting in emitted code
src/extractors/flutter/text-style.ts	template	Text(${…})	return	singleTextCode	1	K-DART	rule R10: Dart syntax / punctuation / indentation / hex formatting in emitted code
src/extractors/flutter/text-style.ts	template	Text(\n  ${…},\n${…})	return	singleTextCode	1	K-DART	rule R10: Dart syntax / punctuation / indentation / hex formatting in emitted code
src/extractors/flutter/text-style.ts	template	Text.rich(\n  TextSpan(children: [\n${…}  ]),\n${…})	return	singleTextCode	1	K-DART	rule R10: Dart syntax / punctuation / indentation / hex formatting in emitted code
src/extractors/flutter/text-style.ts	template	TextStyle(${…})	ternary	textStyleCode	1	K-DART	rule R10: Dart syntax / punctuation / indentation / hex formatting in emitted code
src/extractors/flutter/text-style.ts	template	\${…}	ArrowFunction	dartString	1	K-DART	rule R10: Dart syntax / punctuation / indentation / hex formatting in emitted code
src/extractors/flutter/text-style.ts	template	\n${…}	arg(code.replace)	indentTail	1	K-DART	rule R10: Dart syntax / punctuation / indentation / hex formatting in emitted code
src/extractors/flutter/text-style.ts	template	color: ${…}	arg(parts.push)	textStyleCode	1	K-DART	rule R10: Dart syntax / punctuation / indentation / hex formatting in emitted code
src/extractors/flutter/text-style.ts	template	color: Color(0x${…})	arg(parts.push)	textStyleCode	1	K-DART	rule R10: Dart syntax / punctuation / indentation / hex formatting in emitted code
src/extractors/flutter/text-style.ts	template	decoration: TextDecoration.${…}	arg(parts.push)	textStyleCode	1	K-DART	rule R10: Dart syntax / punctuation / indentation / hex formatting in emitted code
src/extractors/flutter/text-style.ts	template	fontFamily: ${…}	arg(parts.push)	textStyleCode	1	K-DART	rule R10: Dart syntax / punctuation / indentation / hex formatting in emitted code
src/extractors/flutter/text-style.ts	template	fontFeatures: [${…}] /* inferred */	arg(parts.push)	textStyleCode	1	K-DART	rule R10: Dart syntax / punctuation / indentation / hex formatting in emitted code
src/extractors/flutter/text-style.ts	template	fontSize: ${…}	arg(parts.push)	textStyleCode	1	K-DART	rule R10: Dart syntax / punctuation / indentation / hex formatting in emitted code
src/extractors/flutter/text-style.ts	template	fontStyle: FontStyle.${…}	arg(parts.push)	textStyleCode	1	K-DART	rule R10: Dart syntax / punctuation / indentation / hex formatting in emitted code
src/extractors/flutter/text-style.ts	template	fontWeight: ${…}	arg(parts.push)	textStyleCode	1	K-DART	rule R10: Dart syntax / punctuation / indentation / hex formatting in emitted code
src/extractors/flutter/text-style.ts	template	height: ${…}	arg(parts.push)	textStyleCode	1	K-DART	rule R10: Dart syntax / punctuation / indentation / hex formatting in emitted code
src/extractors/flutter/text-style.ts	template	leadingTrim ${…}	ternary	convertTextWidget	1	K-DART	rule R10: Dart syntax / punctuation / indentation / hex formatting in emitted code
src/extractors/flutter/text-style.ts	template	letterSpacing: ${…}	arg(parts.push)	textStyleCode	1	K-DART	rule R10: Dart syntax / punctuation / indentation / hex formatting in emitted code
src/extractors/flutter/text-style.ts	template	listSpacing ${…}	ternary	convertTextWidget	1	K-DART	rule R10: Dart syntax / punctuation / indentation / hex formatting in emitted code
src/extractors/flutter/text-style.ts	template	maxLines: ${…},${…}	arg(args.push)	singleTextCode	1	K-DART	rule R10: Dart syntax / punctuation / indentation / hex formatting in emitted code
src/extractors/flutter/text-style.ts	template	overflow: TextOverflow.ellipsis,${…}	arg(args.push)	singleTextCode	1	K-DART	rule R10: Dart syntax / punctuation / indentation / hex formatting in emitted code
src/extractors/flutter/text-style.ts	template	paragraphIndent ${…}	ternary	convertTextWidget	1	K-DART	rule R10: Dart syntax / punctuation / indentation / hex formatting in emitted code
src/extractors/flutter/text-style.ts	template	paragraphSpacing ${…} (mixed-style runs)	arg(notConverted.push)	convertTextWidget	1	K-DART	rule R10: Dart syntax / punctuation / indentation / hex formatting in emitted code
src/extractors/flutter/text-style.ts	template	paragraphSpacing ${…} (truncated text)	arg(notConverted.push)	convertTextWidget	1	K-DART	rule R10: Dart syntax / punctuation / indentation / hex formatting in emitted code
src/extractors/flutter/text-style.ts	template	style: ${…},	arg(args.push)	singleTextCode	1	K-DART	rule R10: Dart syntax / punctuation / indentation / hex formatting in emitted code
src/extractors/flutter/text-style.ts	template	textAlign: TextAlign.${…},	arg(args.push)	singleTextCode	1	K-DART	rule R10: Dart syntax / punctuation / indentation / hex formatting in emitted code
src/extractors/flutter/text-style.ts	type-string	bottomCenter	LiteralType	(module)	1	K-DART	rule R6: Flutter enum member name in a TS type
src/extractors/flutter/text-style.ts	type-string	bottomLeft	LiteralType	(module)	1	K-DART	rule R6: Flutter enum member name in a TS type
src/extractors/flutter/text-style.ts	type-string	bottomRight	LiteralType	(module)	1	K-DART	rule R6: Flutter enum member name in a TS type
src/extractors/flutter/text-style.ts	type-string	center	LiteralType	(module)	2	K-DART	rule R6: Flutter enum member name in a TS type
src/extractors/flutter/text-style.ts	type-string	centerLeft	LiteralType	(module)	1	K-DART	rule R6: Flutter enum member name in a TS type
src/extractors/flutter/text-style.ts	type-string	centerRight	LiteralType	(module)	1	K-DART	rule R6: Flutter enum member name in a TS type
src/extractors/flutter/text-style.ts	type-string	decoration	LiteralType	convertTypeStyle	1	K-SCHEMA	rule R7: own output enum / key in a TS type
src/extractors/flutter/text-style.ts	type-string	justify	LiteralType	(module)	1	K-DART	rule R6: Flutter enum member name in a TS type
src/extractors/flutter/text-style.ts	type-string	left	LiteralType	(module)	1	K-DART	rule R6: Flutter enum member name in a TS type
src/extractors/flutter/text-style.ts	type-string	lineThrough	LiteralType	(module)	1	K-DART	rule R6: Flutter enum member name in a TS type
src/extractors/flutter/text-style.ts	type-string	none	LiteralType	(module)	1	K-DART	rule R6: Flutter enum member name in a TS type
src/extractors/flutter/text-style.ts	type-string	right	LiteralType	(module)	1	K-DART	rule R6: Flutter enum member name in a TS type
src/extractors/flutter/text-style.ts	type-string	textAlign	LiteralType	convertTextWidget	1	K-SCHEMA	rule R7: own output enum / key in a TS type
src/extractors/flutter/text-style.ts	type-string	underline	LiteralType	(module)	1	K-DART	rule R6: Flutter enum member name in a TS type
src/extractors/screens/breakpoints.ts	string		param-default(prefix)	formatBreakpointLines	1	K-TEXT	report label; B3.59 moves labels out of code
src/extractors/screens/breakpoints.ts	string		return	formatBreakpointLines	1	K-TEXT	report label; B3.59 moves labels out of code
src/extractors/screens/breakpoints.ts	string	json	AssertEntry	(module)	1	K-API	file extension or encoding name
src/extractors/screens/breakpoints.ts	string	landscape	ternary	orientationOf	1	K-TEXT	report label; B3.59 moves labels out of code
src/extractors/screens/breakpoints.ts	string	portrait	ternary	orientationOf	1	K-TEXT	report label; B3.59 moves labels out of code
src/extractors/screens/breakpoints.ts	template	${…}Breakpoints are classified from the frame's size in Figma px.\n	binary(+)	formatBreakpointLines	1	K-TEXT	report label; B3.59 moves labels out of code
src/extractors/screens/breakpoints.ts	template	${…}Material 3 height breakpoint: ${…} (${…} px)\n	binary(+)	formatBreakpointLines	1	K-TEXT	report label; B3.59 moves labels out of code
src/extractors/screens/breakpoints.ts	template	${…}Material 3 width breakpoint: ${…} (${…} px)\n	binary(+)	formatBreakpointLines	1	K-TEXT	report label; B3.59 moves labels out of code
src/extractors/screens/breakpoints.ts	template	${…}Orientation: ${…}\n	binary(+)	formatBreakpointLines	1	K-TEXT	report label; B3.59 moves labels out of code
src/extractors/screens/breakpoints.ts	type-string	landscape	LiteralType	orientationOf	1	K-SCHEMA	literal in a TypeScript type
src/extractors/screens/breakpoints.ts	type-string	portrait	LiteralType	orientationOf	1	K-SCHEMA	literal in a TypeScript type
src/extractors/screens/core.ts	number	0	binary(>)	analyzeScreen	1	K-CONV	R4 0/1 identity (counter, index, length check, absent-geometry zero), src/extractors/screens/core.ts:57
src/extractors/screens/core.ts	number	15	binary(??)	ScreenExtractor	1	F-HEUR	analysis cap; removed by ticket 15
src/extractors/screens/core.ts	number	4	binary(??)	ScreenExtractor	1	F-HEUR	analysis cap; removed by ticket 15
src/extractors/screens/extractor.ts	number	20	prop(maxChildNodes)	createScreenChild	1	F-HEUR	analysis cap removed by ticket 15 (maxChildNodes 20, same family as the screens/helpers.ts cap)
src/extractors/screens/extractor.ts	string	max_child_nodes	prop(reason)	analyzeScreenChildren	1	K-SCHEMA	own truncation reason value
src/extractors/screens/extractor.ts	type-string	COMPONENT	LiteralType	extractScreenMetadata	1	K-API	R1 Figma node type enum in a TS literal type, src/extractors/screens/extractor.ts:46
src/extractors/screens/extractor.ts	type-string	FRAME	LiteralType	extractScreenMetadata	1	K-API	R1 Figma node type enum in a TS literal type, src/extractors/screens/extractor.ts:46
src/extractors/screens/extractor.ts	type-string	PAGE	LiteralType	extractScreenMetadata	1	K-API	R1 Figma node type enum in a TS literal type, src/extractors/screens/extractor.ts:46
src/extractors/screens/types.ts	type-string	COMPONENT	LiteralType	(module)	1	K-API	R1 Figma node type enum in a TS literal type, src/extractors/screens/types.ts:24
src/extractors/screens/types.ts	type-string	FRAME	LiteralType	(module)	1	K-API	R1 Figma node type enum in a TS literal type, src/extractors/screens/types.ts:24
src/extractors/screens/types.ts	type-string	PAGE	LiteralType	(module)	1	K-API	R1 Figma node type enum in a TS literal type, src/extractors/screens/types.ts:24
src/extractors/screens/types.ts	type-string	max_child_nodes	LiteralType	(module)	1	K-SCHEMA	literal in a TypeScript type
src/extractors/screens/types.ts	type-string	scrollBehavior	LiteralType	(module)	1	K-SCHEMA	literal in a TypeScript type
src/extractors/typography/extractor.ts	string		ternary	createTypographyStyle	3	K-SCHEMA	R8 string-op separator/replacement/empty check, src/extractors/typography/extractor.ts:84
src/extractors/typography/extractor.ts	string	LOWER	binary(===)	createTypographyStyle	1	K-API	Figma REST enum or field value
src/extractors/typography/extractor.ts	string	TEXT	binary(===)	extractTypographyFromThemeFrame	2	K-API	R3 Figma node/paint type compare, src/extractors/typography/extractor.ts:26 (https://developers.figma.com/docs/rest-api/file-node-types/)
src/extractors/typography/extractor.ts	string	TITLE	binary(===)	createTypographyStyle	1	K-API	Figma REST enum or field value
src/extractors/typography/extractor.ts	string	UPPER	binary(===)	createTypographyStyle	1	K-API	Figma REST enum or field value
src/extractors/typography/extractor.ts	template	paragraphIndent ${…}	ternary	createTypographyStyle	1	K-TEXT	report, label, log or error text
src/extractors/typography/extractor.ts	template	paragraphSpacing ${…}	ternary	createTypographyStyle	1	K-TEXT	report, label, log or error text
src/extractors/typography/extractor.ts	template	textCase ${…}	ternary	createTypographyStyle	1	K-TEXT	report, label, log or error text
src/extractors/typography/types.ts	type-string	body	LiteralType	(module)	1	K-SCHEMA	R2 member of our own output union type, src/extractors/typography/types.ts:32
src/extractors/typography/types.ts	type-string	button	LiteralType	(module)	1	K-SCHEMA	R2 member of our own output union type, src/extractors/typography/types.ts:32
src/extractors/typography/types.ts	type-string	caption	LiteralType	(module)	1	K-SCHEMA	R2 member of our own output union type, src/extractors/typography/types.ts:32
src/extractors/typography/types.ts	type-string	heading	LiteralType	(module)	1	K-SCHEMA	R2 member of our own output union type, src/extractors/typography/types.ts:32
src/extractors/typography/types.ts	type-string	label	LiteralType	(module)	1	K-SCHEMA	R2 member of our own output union type, src/extractors/typography/types.ts:32
src/extractors/typography/types.ts	type-string	other	LiteralType	(module)	1	K-SCHEMA	R2 member of our own output union type, src/extractors/typography/types.ts:32
src/server.ts	number	-32001	prop(code)	startHttpServer	1	K-API	hand: JSON-RPC server-error range code -32001
src/server.ts	number	0	arg(process.exit)	startHttpServer	1	K-API	R3: process exit code
src/server.ts	number	0	var(progress)	startHttpServer	1	K-CONV	R4: 0/1/2 index, emptiness, increment or arity check
src/server.ts	number	1	arg(process.exit)	startMcpServer	1	K-API	R3: process exit code
src/server.ts	number	1000	arg(setInterval)	startHttpServer	1	K-API	progress interval kept in code as a protocol constant (ticket 02, finding E10)
src/server.ts	number	401	arg(res.status)	startHttpServer	1	K-API	hand: HTTP 401
src/server.ts	number	7	arg(authHeader.substring)	extractFigmaApiKey	1	K-API	hand: length of "Bearer " prefix, RFC 6750 (server.ts:39-40)
src/server.ts	string	*	prop(origin)	startHttpServer	1	K-API	hand: CORS origin wildcard (server.ts:79)
src/server.ts	string	/mcp	arg(app.delete)	startHttpServer	1	K-API	R13: HTTP/MCP/JSON-RPC/Node/Figma protocol token, typeof tag or delimiter
src/server.ts	string	/mcp	arg(app.get)	startHttpServer	1	K-API	R13: HTTP/MCP/JSON-RPC/Node/Figma protocol token, typeof tag or delimiter
src/server.ts	string	/mcp	arg(app.post)	startHttpServer	1	K-API	R13: HTTP/MCP/JSON-RPC/Node/Figma protocol token, typeof tag or delimiter
src/server.ts	string	/mcp	arg(app.use)	startHttpServer	1	K-API	R13: HTTP/MCP/JSON-RPC/Node/Figma protocol token, typeof tag or delimiter
src/server.ts	string	2.0	prop(jsonrpc)	startHttpServer	1	K-API	R13: HTTP/MCP/JSON-RPC/Node/Figma protocol token, typeof tag or delimiter
src/server.ts	string	Bearer 	arg(authHeader.startsWith)	extractFigmaApiKey	1	K-API	R13: HTTP/MCP/JSON-RPC/Node/Figma protocol token, typeof tag or delimiter
src/server.ts	string	Failed to start MCP server:	arg(console.error)	startMcpServer	1	K-TEXT	R5: log/console text
src/server.ts	string	Figma-to-Flutter MCP Server connected via stdio	arg(console.error)	startMcpServer	1	K-TEXT	R5: log/console text
src/server.ts	string	HTTP server is not running	arg(Error)	stopHttpServer	1	K-TEXT	R8: error message text
src/server.ts	string	Handling StreamableHTTP request	arg(Logger.log)	startHttpServer	1	K-TEXT	R5: log/console text
src/server.ts	string	Mcp-Session-Id	array(exposedHeaders)	startHttpServer	1	K-API	R13: HTTP/MCP/JSON-RPC/Node/Figma protocol token, typeof tag or delimiter
src/server.ts	string	Received StreamableHTTP request	arg(Logger.log)	startHttpServer	1	K-TEXT	R5: log/console text
src/server.ts	string	SIGINT	arg(process.on)	startHttpServer	1	K-API	R13: HTTP/MCP/JSON-RPC/Node/Figma protocol token, typeof tag or delimiter
src/server.ts	string	Sending progress notification	arg(Logger.log)	startHttpServer	1	K-TEXT	R5: log/console text
src/server.ts	string	Server shutdown complete	arg(Logger.log)	startHttpServer	1	K-TEXT	R5: log/console text
src/server.ts	string	Shutting down server...	arg(Logger.log)	startHttpServer	1	K-TEXT	R5: log/console text
src/server.ts	string	StreamableHTTP request handled	arg(Logger.log)	startHttpServer	1	K-TEXT	R5: log/console text
src/server.ts	string	Unauthorized: Figma API key required. You must provide your own Figma API key via Authorization header (Bearer token), X-Figma-Api-Key header, or figmaApiKey qu	prop(message)	startHttpServer	1	K-TEXT	R17: report/label/message text with no design fact (formatting of Figma-sourced values)
src/server.ts	string	figma-flutter	prop(name)	createServer	1	K-SCHEMA	hand: MCP server name; renaming it is a consumer-visible change (CLAUDE.md rule)
src/server.ts	string	notifications/progress	prop(method)	startHttpServer	1	K-API	R13: HTTP/MCP/JSON-RPC/Node/Figma protocol token, typeof tag or delimiter
src/server.ts	string	x-figma-api-key	index	extractFigmaApiKey	1	K-API	R13: HTTP/MCP/JSON-RPC/Node/Figma protocol token, typeof tag or delimiter
src/server.ts	template	HTTP server listening on port ${…}	arg(Logger.log)	startHttpServer	1	K-TEXT	R5: log/console text
src/server.ts	template	StreamableHTTP endpoint available at http://localhost:${…}/mcp	arg(Logger.log)	startHttpServer	1	K-TEXT	R5: log/console text
src/services/figma.ts	number	0	binary(===)	FigmaService	1	K-CONV	R4: 0/1/2 index, emptiness, increment or arity check
src/services/figma.ts	number	0	binary(===)	getImageExportUrls	1	K-CONV	R4: 0/1/2 index, emptiness, increment or arity check
src/services/figma.ts	number	0	binary(===)	getNodeWithStyles	1	K-CONV	index, count, midpoint or identity element
src/services/figma.ts	number	0	binary(===)	getNodes	1	K-CONV	R4: 0/1/2 index, emptiness, increment or arity check
src/services/figma.ts	string		var(errorDetails)	makeRequest	1	K-TEXT	R17: report/label/message text with no design fact (formatting of Figma-sourced values)
src/services/figma.ts	string	,	arg(nodeIds.join)	getImageExportUrls	1	K-API	R13: HTTP/MCP/JSON-RPC/Node/Figma protocol token, typeof tag or delimiter
src/services/figma.ts	string	,	arg(nodeIds.join)	getNodes	1	K-API	R13: HTTP/MCP/JSON-RPC/Node/Figma protocol token, typeof tag or delimiter
src/services/figma.ts	string	At least one node ID is required	arg(FigmaError)	getNodes	1	K-TEXT	R8: error message text
src/services/figma.ts	string	Content-Type	object-key	makeRequest	1	K-API	R13: HTTP/MCP/JSON-RPC/Node/Figma protocol token, typeof tag or delimiter
src/services/figma.ts	string	ECONNREFUSED	arg(error.message.includes)	makeRequest	1	K-API	R13: HTTP/MCP/JSON-RPC/Node/Figma protocol token, typeof tag or delimiter
src/services/figma.ts	string	ENOTFOUND	arg(error.message.includes)	makeRequest	1	K-API	R13: HTTP/MCP/JSON-RPC/Node/Figma protocol token, typeof tag or delimiter
src/services/figma.ts	string	EXPORT_ERROR	arg(FigmaError)	getImageExportUrls	2	K-SCHEMA	R6: our error code identifier
src/services/figma.ts	string	FETCH_ERROR	arg(FigmaError)	getImageFillUrls	1	K-SCHEMA	R6: our error code identifier
src/services/figma.ts	string	FETCH_ERROR	arg(FigmaError)	getNodeWithStyles	1	K-SCHEMA	own error code
src/services/figma.ts	string	FETCH_ERROR	arg(FigmaError)	getNodes	1	K-SCHEMA	R6: our error code identifier
src/services/figma.ts	string	Figma access token is required	arg(FigmaAuthError)	FigmaService	1	K-TEXT	R8: error message text
src/services/figma.ts	string	INVALID_INPUT	arg(FigmaError)	getNodeWithStyles	1	K-SCHEMA	own error code
src/services/figma.ts	string	INVALID_INPUT	arg(FigmaError)	getNodes	1	K-SCHEMA	R6: our error code identifier
src/services/figma.ts	string	Invalid JSON response from Figma API	arg(FigmaParseError)	makeRequest	1	K-TEXT	R8: error message text
src/services/figma.ts	string	Invalid node structure received from Figma API	arg(FigmaParseError)	getNodeWithStyles	1	K-TEXT	report, label, log or error text
src/services/figma.ts	string	Node ID is required	arg(FigmaError)	getNodeWithStyles	1	K-TEXT	report, label, log or error text
src/services/figma.ts	string	SyntaxError	binary(===)	makeRequest	1	K-API	R13: HTTP/MCP/JSON-RPC/Node/Figma protocol token, typeof tag or delimiter
src/services/figma.ts	string	Unable to connect to Figma API	arg(FigmaNetworkError)	makeRequest	1	K-TEXT	R8: error message text
src/services/figma.ts	string	X-Figma-Token	object-key	makeRequest	1	K-API	R13: HTTP/MCP/JSON-RPC/Node/Figma protocol token, typeof tag or delimiter
src/services/figma.ts	string	application/json	prop('Content-Type')	makeRequest	1	K-API	R13: HTTP/MCP/JSON-RPC/Node/Figma protocol token, typeof tag or delimiter
src/services/figma.ts	string	https://api.figma.com/v1	binary(||)	figmaApiBaseUrl	1	K-API	Figma documented endpoint; FIGMA_API_BASE_URL already overrides it (ticket 02, finding E11)
src/services/figma.ts	string	jpg	array	getImageExportUrls	1	K-API	hand: scale only for raster formats png/jpg
src/services/figma.ts	string	json	AssertEntry	(module)	1	K-API	file extension or encoding name
src/services/figma.ts	string	png	array	getImageExportUrls	1	K-API	hand: scale only for raster formats png/jpg
src/services/figma.ts	string	png	binary(||)	getImageExportUrls	2	K-API	hand: export format png when none given; png is a documented format (services/figma.ts:176)
src/services/figma.ts	string	scale	arg(params.append)	getImageExportUrls	1	K-API	R13: HTTP/MCP/JSON-RPC/Node/Figma protocol token, typeof tag or delimiter
src/services/figma.ts	string	string	binary(===)	getImageExportUrls	1	K-API	R13: HTTP/MCP/JSON-RPC/Node/Figma protocol token, typeof tag or delimiter
src/services/figma.ts	string	svg	binary(===)	getImageExportUrls	1	K-API	R13: HTTP/MCP/JSON-RPC/Node/Figma protocol token, typeof tag or delimiter
src/services/figma.ts	string	svg_include_id	arg(params.append)	getImageExportUrls	1	K-API	R13: HTTP/MCP/JSON-RPC/Node/Figma protocol token, typeof tag or delimiter
src/services/figma.ts	string	svg_outline_text	arg(params.append)	getImageExportUrls	1	K-API	R13: HTTP/MCP/JSON-RPC/Node/Figma protocol token, typeof tag or delimiter
src/services/figma.ts	string	svg_simplify_stroke	arg(params.append)	getImageExportUrls	1	K-API	R13: HTTP/MCP/JSON-RPC/Node/Figma protocol token, typeof tag or delimiter
src/services/figma.ts	template	${…}${…}	var(url)	makeRequest	1	K-API	R14: Figma REST endpoint path
src/services/figma.ts	template	${…}?${…}	ternary	get	1	K-API	R14: Figma REST endpoint path
src/services/figma.ts	template	/files/${…}/images	arg(this.makeRequest)	getImageFillUrls	1	K-API	R14: Figma REST endpoint path
src/services/figma.ts	template	/files/${…}/nodes?ids=${…}	arg(this.makeRequest)	getNodeWithStyles	1	K-API	Figma REST path or query, or a Claude Code result key
src/services/figma.ts	template	/files/${…}/nodes?ids=${…}	arg(this.makeRequest)	getNodes	1	K-API	R14: Figma REST endpoint path
src/services/figma.ts	template	/files/${…}/variables/local	arg(this.makeRequest)	getLocalVariableNames	1	K-API	Figma REST path or query, or a Claude Code result key
src/services/figma.ts	template	/images/${…}?${…}	arg(this.makeRequest)	getImageExportUrls	1	K-API	R14: Figma REST endpoint path
src/services/figma.ts	template	Failed to export images: ${…}	arg(FigmaError)	getImageExportUrls	1	K-TEXT	R8: error message text
src/services/figma.ts	template	Failed to fetch image fills: ${…}	arg(FigmaError)	getImageFillUrls	1	K-TEXT	R8: error message text
src/services/figma.ts	template	Failed to fetch node ${…}: ${…}	arg(FigmaError)	getNodeWithStyles	1	K-TEXT	report, label, log or error text
src/services/figma.ts	template	Failed to fetch nodes: ${…}	arg(FigmaError)	getNodes	1	K-TEXT	R8: error message text
src/services/figma.ts	template	Image export failed: ${…}	arg(FigmaError)	getImageExportUrls	1	K-TEXT	R8: error message text
src/services/figma.ts	template	Node not found: ${…}	arg(FigmaNotFoundError)	getNodeWithStyles	1	K-TEXT	R8: error message text
src/services/figma.ts	template	Unexpected error: ${…}	arg(FigmaNetworkError)	makeRequest	1	K-TEXT	R8: error message text
src/services/figma.ts	template	✅ Successfully fetched: ${…}	arg(Logger.diag)	makeRequest	1	K-TEXT	R5: log/console text
src/services/figma.ts	template	🔄 Making Figma API request: ${…}	arg(Logger.diag)	makeRequest	1	K-TEXT	R5: log/console text
src/services/figma.ts	type-string	jpg	LiteralType	getImageExportUrls	1	K-API	R2: TS literal type mirroring a Figma REST enum / export format
src/services/figma.ts	type-string	pdf	LiteralType	getImageExportUrls	1	K-API	R2: TS literal type mirroring a Figma REST enum / export format
src/services/figma.ts	type-string	png	LiteralType	getImageExportUrls	1	K-API	R2: TS literal type mirroring a Figma REST enum / export format
src/services/figma.ts	type-string	svg	LiteralType	getImageExportUrls	1	K-API	R2: TS literal type mirroring a Figma REST enum / export format
src/tools/figma-core/core-tools.ts	number	0	arg((node.children ?? []).reduce)	countNodes	1	K-CONV	index, count, midpoint or identity element
src/tools/figma-core/core-tools.ts	number	0	arg(entries.slice)	render	1	K-CONV	index, count, midpoint or identity element
src/tools/figma-core/core-tools.ts	number	0	binary(>)	registerCoreTools	2	K-CONV	R4: 0/1/2 index, emptiness, increment or arity check
src/tools/figma-core/core-tools.ts	number	0	binary(>)	render	1	K-CONV	index, count, midpoint or identity element
src/tools/figma-core/core-tools.ts	number	0	prop(included)	render	1	K-CONV	index, count, midpoint or identity element
src/tools/figma-core/core-tools.ts	number	0.01	arg(Math.max)	registerCoreTools	1	K-API	hand: Figma images scale range min 0.01 (file-endpoints page: "A number between 0.01 and 4")
src/tools/figma-core/core-tools.ts	number	1	arg(         .int()\n                    .min)	registerCoreTools	2	K-API	hand: Figma depth must be a positive integer (min 1), developers.figma.com/docs/rest-api/file-endpoints/
src/tools/figma-core/core-tools.ts	number	1	array([fits, over])	renderWithinBudget	1	K-CONV	index, count, midpoint or identity element
src/tools/figma-core/core-tools.ts	number	1	binary(+)	countNodes	1	K-CONV	index, count, midpoint or identity element
src/tools/figma-core/core-tools.ts	number	1	binary(>)	renderWithinBudget	1	K-CONV	index, count, midpoint or identity element
src/tools/figma-core/core-tools.ts	number	2	arg(JSON.stringify)	registerCoreTools	1	K-TEXT	hand: JSON indent 2
src/tools/figma-core/core-tools.ts	number	2	arg(JSON.stringify)	render	2	K-CONV	index, count, midpoint or identity element
src/tools/figma-core/core-tools.ts	number	2	binary(/)	renderWithinBudget	1	K-CONV	index, count, midpoint or identity element
src/tools/figma-core/core-tools.ts	number	4	arg(Math.min)	registerCoreTools	1	K-API	hand: Figma images scale range max 4
src/tools/figma-core/core-tools.ts	number	403	arg(FigmaError)	registerCoreTools	1	K-API	R7: HTTP status
src/tools/figma-core/core-tools.ts	number	403	binary(===)	registerCoreTools	1	K-API	hand: HTTP 403
src/tools/figma-core/core-tools.ts	string	/me	arg(figma.get)	registerCoreTools	1	K-API	R14: Figma REST endpoint path
src/tools/figma-core/core-tools.ts	string	Access denied. This file may not have published variables, 	binary(+)	registerCoreTools	1	K-TEXT	R8: error message text
src/tools/figma-core/core-tools.ts	string	COMPONENT	array	summariseNode	1	K-API	Figma REST enum value
src/tools/figma-core/core-tools.ts	string	COMPONENT_SET	array	summariseNode	1	K-API	Figma REST enum value
src/tools/figma-core/core-tools.ts	string	Capture a PNG/JPG/SVG screenshot of a specific Figma node. 	binary(+)	registerCoreTools	1	K-SCHEMA	R10: tool/param title or description
src/tools/figma-core/core-tools.ts	string	EXPORT_ERROR	arg(FigmaError)	registerCoreTools	1	K-SCHEMA	R6: our error code identifier
src/tools/figma-core/core-tools.ts	string	Extract the design context for a Figma node: layout tree, component structure, 	binary(+)	registerCoreTools	1	K-TEXT	report, label, log or error text
src/tools/figma-core/core-tools.ts	string	FORBIDDEN	arg(FigmaError)	registerCoreTools	1	K-SCHEMA	R6: our error code identifier
src/tools/figma-core/core-tools.ts	string	FRAME	array	summariseNode	1	K-API	Figma REST enum value
src/tools/figma-core/core-tools.ts	string	Figma Who Am I	prop(title)	registerCoreTools	1	K-SCHEMA	R10: tool/param title or description
src/tools/figma-core/core-tools.ts	string	Figma file key	arg(z.string().describe)	registerCoreTools	3	K-SCHEMA	R10: tool/param title or description
src/tools/figma-core/core-tools.ts	string	Figma file key (from the URL)	arg(z.string().describe)	registerCoreTools	1	K-SCHEMA	R10: tool/param title or description
src/tools/figma-core/core-tools.ts	string	Figma sends `children: []` for nodes at the requested depth, whatever they hold.	binary(+)	registerCoreTools	2	K-DART	emitted Dart code
src/tools/figma-core/core-tools.ts	string	Get Figma Design Context	prop(title)	registerCoreTools	1	K-SCHEMA	R10: tool/param title or description
src/tools/figma-core/core-tools.ts	string	Get Figma File Metadata	prop(title)	registerCoreTools	1	K-SCHEMA	R10: tool/param title or description
src/tools/figma-core/core-tools.ts	string	Get Figma Node Screenshot	prop(title)	registerCoreTools	1	K-SCHEMA	R10: tool/param title or description
src/tools/figma-core/core-tools.ts	string	Get Figma Variable Definitions	prop(title)	registerCoreTools	1	K-SCHEMA	R10: tool/param title or description
src/tools/figma-core/core-tools.ts	string	Get the node tree structure of a Figma file or a specific node. 	binary(+)	registerCoreTools	1	K-SCHEMA	R10: tool/param title or description
src/tools/figma-core/core-tools.ts	string	How deep into the node tree to traverse; omit for all levels. 	binary(+)	registerCoreTools	2	K-TEXT	report, label, log or error text
src/tools/figma-core/core-tools.ts	string	Image format: png, jpg, svg, or pdf (default: png)	arg(optional()\n                    .describe)	registerCoreTools	1	K-SCHEMA	R10: tool/param title or description
src/tools/figma-core/core-tools.ts	string	Maps to the Figma REST API /v1/files/:key/variables/local endpoint.	binary(+)	registerCoreTools	1	K-SCHEMA	R10: tool/param title or description
src/tools/figma-core/core-tools.ts	string	Node ID to extract (e.g. "12:3458")	arg(z.string().describe)	registerCoreTools	1	K-SCHEMA	R10: tool/param title or description
src/tools/figma-core/core-tools.ts	string	Node ID to screenshot (e.g. "12:3458")	arg(z.string().describe)	registerCoreTools	1	K-SCHEMA	R10: tool/param title or description
src/tools/figma-core/core-tools.ts	string	Optional node ID to scope the tree (e.g. "12:86"). Omit for full file.	arg(optional()\n                    .describe)	registerCoreTools	1	K-SCHEMA	R10: tool/param title or description
src/tools/figma-core/core-tools.ts	string	Prefer this over separate ff_get_screenshot + ff_get_variable_defs calls (1 call vs 2).	binary(+)	registerCoreTools	1	K-SCHEMA	R10: tool/param title or description
src/tools/figma-core/core-tools.ts	string	Read the variables of a Figma file: colors, spacing, typography, 	binary(+)	registerCoreTools	1	K-TEXT	report, label, log or error text
src/tools/figma-core/core-tools.ts	string	Returns page/frame hierarchy with IDs, names, types, and bounding boxes. 	binary(+)	registerCoreTools	1	K-SCHEMA	R10: tool/param title or description
src/tools/figma-core/core-tools.ts	string	Returns the current authenticated user. Use this to verify the Figma MCP is working. 	binary(+)	registerCoreTools	1	K-SCHEMA	R10: tool/param title or description
src/tools/figma-core/core-tools.ts	string	Returns the image as a base64-encoded image content block or a URL. 	binary(+)	registerCoreTools	1	K-SCHEMA	R10: tool/param title or description
src/tools/figma-core/core-tools.ts	string	Target individual top-level frames, not sections or pages.	binary(+)	registerCoreTools	1	K-TEXT	report, label, log or error text
src/tools/figma-core/core-tools.ts	string	The Variables REST API requires an Enterprise plan (other plans get 403 "Limited by Figma plan").	binary(+)	registerCoreTools	1	K-TEXT	hand: Figma plan fact, verified: research/02-figma-variables-access.md:7,24-26
src/tools/figma-core/core-tools.ts	string	This tool is exempt from rate limits — always safe to call.	binary(+)	registerCoreTools	1	K-SCHEMA	R10: tool/param title or description
src/tools/figma-core/core-tools.ts	string	Use this to discover all top-level frames before extracting individual ones.	binary(+)	registerCoreTools	1	K-TEXT	report, label, log or error text
src/tools/figma-core/core-tools.ts	string	anthropic/maxResultSizeChars	object-key	registerCoreTools	3	K-API	Figma REST path or query, or a Claude Code result key
src/tools/figma-core/core-tools.ts	string	base64	arg(imgBuffer.toString)	registerCoreTools	1	K-API	R13: HTTP/MCP/JSON-RPC/Node/Figma protocol token, typeof tag or delimiter
src/tools/figma-core/core-tools.ts	string	ff_get_design_context	arg(server.registerTool)	registerCoreTools	1	K-SCHEMA	R11: tool name
src/tools/figma-core/core-tools.ts	string	ff_get_design_context error	arg(figmaTool)	registerCoreTools	1	K-TEXT	R8: error message text
src/tools/figma-core/core-tools.ts	string	ff_get_metadata	arg(server.registerTool)	registerCoreTools	1	K-SCHEMA	R11: tool name
src/tools/figma-core/core-tools.ts	string	ff_get_metadata error	arg(figmaTool)	registerCoreTools	1	K-TEXT	R8: error message text
src/tools/figma-core/core-tools.ts	string	ff_get_screenshot	arg(server.registerTool)	registerCoreTools	1	K-SCHEMA	R11: tool name
src/tools/figma-core/core-tools.ts	string	ff_get_screenshot error	arg(figmaTool)	registerCoreTools	1	K-TEXT	R8: error message text
src/tools/figma-core/core-tools.ts	string	ff_get_variable_defs	arg(server.registerTool)	registerCoreTools	1	K-SCHEMA	R11: tool name
src/tools/figma-core/core-tools.ts	string	ff_get_variable_defs error	arg(figmaTool)	registerCoreTools	1	K-TEXT	R8: error message text
src/tools/figma-core/core-tools.ts	string	ff_whoami	arg(server.registerTool)	registerCoreTools	1	K-SCHEMA	R11: tool name
src/tools/figma-core/core-tools.ts	string	ff_whoami error	arg(figmaTool)	registerCoreTools	1	K-TEXT	R8: error message text
src/tools/figma-core/core-tools.ts	string	image	AsExpression	registerCoreTools	1	K-API	R12: MCP content block type
src/tools/figma-core/core-tools.ts	string	image/jpeg	ternary	registerCoreTools	1	K-API	R13: HTTP/MCP/JSON-RPC/Node/Figma protocol token, typeof tag or delimiter
src/tools/figma-core/core-tools.ts	string	image/svg+xml	ternary	registerCoreTools	1	K-API	R13: HTTP/MCP/JSON-RPC/Node/Figma protocol token, typeof tag or delimiter
src/tools/figma-core/core-tools.ts	string	jpg	binary(===)	registerCoreTools	1	K-API	R13: HTTP/MCP/JSON-RPC/Node/Figma protocol token, typeof tag or delimiter
src/tools/figma-core/core-tools.ts	string	json	AssertEntry	(module)	1	K-API	file extension or encoding name
src/tools/figma-core/core-tools.ts	string	or your access token lacks the required scope. 	binary(+)	registerCoreTools	1	K-TEXT	hand: error text, no design fact
src/tools/figma-core/core-tools.ts	string	paths	prop(geometry)	registerCoreTools	1	K-API	R13: HTTP/MCP/JSON-RPC/Node/Figma protocol token, typeof tag or delimiter
src/tools/figma-core/core-tools.ts	string	png	BindingElement	registerCoreTools	1	K-SCHEMA	hand: tool contract default format png, stated in the tool description core-tools.ts:156; png is a documented Figma format; Figma page states no default (UNVERIFIED what API does without format)
src/tools/figma-core/core-tools.ts	string	radii, and other values defined in the Variables panel. 	binary(+)	registerCoreTools	1	K-TEXT	report, label, log or error text
src/tools/figma-core/core-tools.ts	string	shared	prop(plugin_data)	registerCoreTools	1	K-API	R13: HTTP/MCP/JSON-RPC/Node/Figma protocol token, typeof tag or delimiter
src/tools/figma-core/core-tools.ts	string	styles, text content, and design properties. This is the primary tool for understanding 	binary(+)	registerCoreTools	1	K-SCHEMA	R10: tool/param title or description
src/tools/figma-core/core-tools.ts	string	svg	binary(===)	registerCoreTools	1	K-API	R13: HTTP/MCP/JSON-RPC/Node/Figma protocol token, typeof tag or delimiter
src/tools/figma-core/core-tools.ts	string	text	AsExpression	registerCoreTools	6	K-API	R12: MCP content block type
src/tools/figma-core/core-tools.ts	string	what a screen or component looks like and how it is structured. 	binary(+)	registerCoreTools	1	K-SCHEMA	R10: tool/param title or description
src/tools/figma-core/core-tools.ts	string	📋 Registered core Figma tools: ff_get_metadata, ff_get_screenshot, ff_get_design_context, ff_get_variable_defs, ff_whoami	arg(Logger.diag)	registerCoreTools	1	K-TEXT	R5: log/console text
src/tools/figma-core/core-tools.ts	template	/files/${…}	arg(figma.get)	registerCoreTools	1	K-API	R14: Figma REST endpoint path
src/tools/figma-core/core-tools.ts	template	/files/${…}/nodes	arg(figma.get)	registerCoreTools	2	K-API	R14: Figma REST endpoint path
src/tools/figma-core/core-tools.ts	template	/files/${…}/variables/local	arg(figma.get)	registerCoreTools	1	K-API	R14: Figma REST endpoint path
src/tools/figma-core/core-tools.ts	template	/images/${…}	arg(figma.get)	registerCoreTools	1	K-API	R14: Figma REST endpoint path
src/tools/figma-core/core-tools.ts	template	Figma image error: ${…}	arg(FigmaError)	registerCoreTools	1	K-TEXT	R8: error message text
src/tools/figma-core/core-tools.ts	template	No image returned for node ${…}	prop(text)	registerCoreTools	1	K-TEXT	R17: report/label/message text with no design fact (formatting of Figma-sourced values)
src/tools/figma-core/core-tools.ts	template	Node not found: ${…}	arg(FigmaNotFoundError)	registerCoreTools	2	K-TEXT	R8: error message text
src/tools/figma-core/core-tools.ts	template	Scale factor 0.01-4 (default: ${…}). Higher = more detail.	arg(optional()\n                    .describe)	registerCoreTools	1	K-SCHEMA	tool or parameter name, title or description
src/tools/figma-core/core-tools.ts	template	Screenshot URL (fetch failed): ${…}	prop(text)	registerCoreTools	1	K-TEXT	R17: report/label/message text with no design fact (formatting of Figma-sourced values)
src/tools/figma-core/core-tools.ts	template	image/${…}	ternary	registerCoreTools	1	K-API	R15: MIME type
src/tools/figma-tool.ts	string	, 	arg([...wait, ...error.details].join)	describeFailure	1	K-API	R13: HTTP/MCP/JSON-RPC/Node/Figma protocol token, typeof tag or delimiter
src/tools/figma-tool.ts	string	text	prop(type)	figmaTool	1	K-API	rule: MCP content type
src/tools/figma-tool.ts	template	 (${…})	binary(&&)	describeFailure	1	K-TEXT	R17: report/label/message text with no design fact (formatting of Figma-sourced values)
src/tools/figma-tool.ts	template	${…}: ${…}	prop(text)	figmaTool	1	K-TEXT	R17: report/label/message text with no design fact (formatting of Figma-sourced values)
src/tools/figma-tool.ts	template	Figma ${…}: ${…}	return	describeFailure	1	K-TEXT	R17: report/label/message text with no design fact (formatting of Figma-sourced values)
src/tools/figma-tool.ts	template	Figma ${…}: ${…}${…}	return	describeFailure	1	K-TEXT	R17: report/label/message text with no design fact (formatting of Figma-sourced values)
src/tools/figma-tool.ts	template	Retry after ${…} seconds	array	describeFailure	1	K-TEXT	R17: report/label/message text with no design fact (formatting of Figma-sourced values)
src/tools/flutter/assets/asset-manager.ts	number	-1	arg(inline.slice)	updatePubspecAssets	1	K-CONV	rule: 0/1/-1 index, count, identity
src/tools/flutter/assets/asset-manager.ts	number	-1	binary(===)	updatePubspecAssets	2	K-CONV	rule: 0/1/-1 index, count, identity
src/tools/flutter/assets/asset-manager.ts	number	-1	var(assetsIdx)	updatePubspecAssets	1	K-CONV	rule: 0/1/-1 index, count, identity
src/tools/flutter/assets/asset-manager.ts	number	0	arg(lines.splice)	updatePubspecAssets	3	K-CONV	rule: 0/1/-1 index, count, identity
src/tools/flutter/assets/asset-manager.ts	number	0	binary(===)	planNode	1	K-CONV	index, count, midpoint or identity element
src/tools/flutter/assets/asset-manager.ts	number	0	binary(>)	exportAssetNodes	4	K-CONV	index, count, midpoint or identity element
src/tools/flutter/assets/asset-manager.ts	number	0	binary(>)	hasExportSettings	1	K-CONV	index, count, midpoint or identity element
src/tools/flutter/assets/asset-manager.ts	number	0	binary(>)	updatePubspecAssets	2	K-CONV	rule: 0/1/-1 index, count, identity
src/tools/flutter/assets/asset-manager.ts	number	0	binary(??)	hasExportSettings	1	K-CONV	index, count, midpoint or identity element
src/tools/flutter/assets/asset-manager.ts	number	0	index	exportAssetNodes	1	K-CONV	index, count, midpoint or identity element
src/tools/flutter/assets/asset-manager.ts	number	0	index	updatePubspecAssets	3	K-CONV	rule: 0/1/-1 index, count, identity
src/tools/flutter/assets/asset-manager.ts	number	1	arg((size / 1024 / 1024).toFixed)	getFileStats	1	K-CONV	rule: 0/1/-1 index, count, identity
src/tools/flutter/assets/asset-manager.ts	number	1	arg(add)	planNode	2	K-CONV	index, count, midpoint or identity element
src/tools/flutter/assets/asset-manager.ts	number	1	arg(inline.slice)	updatePubspecAssets	1	K-CONV	rule: 0/1/-1 index, count, identity
src/tools/flutter/assets/asset-manager.ts	number	1	arg({DEVICE_PIXEL_RATIOS.join(', ')}`})).min)	devicePixelRatiosInput	1	K-CONV	index, count, midpoint or identity element
src/tools/flutter/assets/asset-manager.ts	number	1	array(DEVICE_PIXEL_RATIOS)	DEVICE_PIXEL_RATIOS	1	K-API	Flutter resolution-aware assets: 1.0x main asset plus 1.5x, 2.0x, 3.0x, 4.0x (docs.flutter.dev/ui/assets/assets-and-images)
src/tools/flutter/assets/asset-manager.ts	number	1	binary(+)	updatePubspecAssets	10	K-CONV	rule: 0/1/-1 index, count, identity
src/tools/flutter/assets/asset-manager.ts	number	1	binary(-)	updatePubspecAssets	2	K-CONV	rule: 0/1/-1 index, count, identity
src/tools/flutter/assets/asset-manager.ts	number	1	binary(>)	generateAssetFilename	1	K-CONV	rule: 0/1/-1 index, count, identity
src/tools/flutter/assets/asset-manager.ts	number	1	binary(??)	planNode	1	K-API	Figma export constraint: an absent value means 1x
src/tools/flutter/assets/asset-manager.ts	number	1	index	updatePubspecAssets	1	K-CONV	rule: 0/1/-1 index, count, identity
src/tools/flutter/assets/asset-manager.ts	number	1	index	writeConstants	1	K-CONV	index, count, midpoint or identity element
src/tools/flutter/assets/asset-manager.ts	number	1.5	array(DEVICE_PIXEL_RATIOS)	DEVICE_PIXEL_RATIOS	1	K-API	Flutter resolution-aware assets: 1.0x main asset plus 1.5x, 2.0x, 3.0x, 4.0x (docs.flutter.dev/ui/assets/assets-and-images)
src/tools/flutter/assets/asset-manager.ts	number	1024	binary(*)	getFileStats	2	K-CONV	rule: bytes->KB/MB
src/tools/flutter/assets/asset-manager.ts	number	1024	binary(/)	getFileStats	3	K-CONV	rule: bytes->KB/MB
src/tools/flutter/assets/asset-manager.ts	number	2	arg(ratio.toFixed)	planNode	1	K-CONV	index, count, midpoint or identity element
src/tools/flutter/assets/asset-manager.ts	number	2	array(DEVICE_PIXEL_RATIOS)	DEVICE_PIXEL_RATIOS	1	K-API	Flutter resolution-aware assets: 1.0x main asset plus 1.5x, 2.0x, 3.0x, 4.0x (docs.flutter.dev/ui/assets/assets-and-images)
src/tools/flutter/assets/asset-manager.ts	number	2	index	writeConstants	1	K-CONV	index, count, midpoint or identity element
src/tools/flutter/assets/asset-manager.ts	number	3	array(DEVICE_PIXEL_RATIOS)	DEVICE_PIXEL_RATIOS	1	K-API	Flutter resolution-aware assets: 1.0x main asset plus 1.5x, 2.0x, 3.0x, 4.0x (docs.flutter.dev/ui/assets/assets-and-images)
src/tools/flutter/assets/asset-manager.ts	number	4	array(DEVICE_PIXEL_RATIOS)	DEVICE_PIXEL_RATIOS	1	K-API	Flutter resolution-aware assets: 1.0x main asset plus 1.5x, 2.0x, 3.0x, 4.0x (docs.flutter.dev/ui/assets/assets-and-images)
src/tools/flutter/assets/asset-manager.ts	regex	/#.*$/	arg([assetsIdx].match(assetsKey)![1].replace)	updatePubspecAssets	1	K-API	rule: pubspec YAML syntax regex
src/tools/flutter/assets/asset-manager.ts	regex	/(^|\/)\d+(?:\.\d+)?x\//	arg(path.replace)	toMainAssetPath	1	K-SCHEMA	rule: identifier/filename sanitising regex
src/tools/flutter/assets/asset-manager.ts	regex	/[^a-z0-9]/g	arg(\n        .toLowerCase()\n        .replace)	generateAssetFilename	1	K-SCHEMA	rule: identifier/filename sanitising regex
src/tools/flutter/assets/asset-manager.ts	regex	/[^a-z0-9]/g	arg(\n        .toLowerCase()\n        .replace)	generateSvgFilename	1	K-SCHEMA	rule: identifier/filename sanitising regex
src/tools/flutter/assets/asset-manager.ts	regex	/\.(svg|pdf)$/	PropertyAccessExpression	exportAssetNodes	1	K-SCHEMA	sanitising or parsing regex
src/tools/flutter/assets/asset-manager.ts	regex	/\.svg$/	arg(generateSvgFilename(node.name).replace)	exportAssetNodes	1	K-SCHEMA	sanitising or parsing regex
src/tools/flutter/assets/asset-manager.ts	regex	/\r?\n/	arg(pubspecContent.split)	updatePubspecAssets	1	K-API	rule: pubspec YAML syntax regex
src/tools/flutter/assets/asset-manager.ts	regex	/\s+#.*$/	arg(lines[i].replace(/^\s*-\s*/, '').replace)	updatePubspecAssets	1	K-API	rule: pubspec YAML syntax regex
src/tools/flutter/assets/asset-manager.ts	regex	/^['"]|['"]$/g	arg(').replace(/\s+#.*$/, '').trim().replace)	updatePubspecAssets	1	K-API	rule: pubspec YAML syntax regex
src/tools/flutter/assets/asset-manager.ts	regex	/^['"]|['"]$/g	arg(s.trim().replace)	updatePubspecAssets	1	K-API	rule: pubspec YAML syntax regex
src/tools/flutter/assets/asset-manager.ts	regex	/^[\w-]+:(\s|$)/	PropertyAccessExpression	updatePubspecAssets	1	K-API	rule: pubspec YAML syntax regex
src/tools/flutter/assets/asset-manager.ts	regex	/^\s*-\s*/	arg(lines[i].replace)	updatePubspecAssets	1	K-API	rule: pubspec YAML syntax regex
src/tools/flutter/assets/asset-manager.ts	regex	/^\s*-\s/	PropertyAccessExpression	updatePubspecAssets	1	K-API	rule: pubspec YAML syntax regex
src/tools/flutter/assets/asset-manager.ts	regex	/^\s*/	arg(firstChild.match)	updatePubspecAssets	1	K-API	rule: pubspec YAML syntax regex
src/tools/flutter/assets/asset-manager.ts	regex	/^\s*/	arg(lines[i].match)	updatePubspecAssets	2	K-API	rule: pubspec YAML syntax regex
src/tools/flutter/assets/asset-manager.ts	regex	/^\s*flutter_gen(_runner)?\s*:/m	PropertyAccessExpression	usesFlutterGen	1	K-API	rule: pubspec YAML syntax regex
src/tools/flutter/assets/asset-manager.ts	regex	/^\s/	PropertyAccessExpression	isBlockLine	1	K-API	rule: pubspec YAML syntax regex
src/tools/flutter/assets/asset-manager.ts	regex	/^_|_$/g	arg(   .replace(/_+/g, '_')\n        .replace)	generateAssetFilename	1	K-SCHEMA	rule: identifier/filename sanitising regex
src/tools/flutter/assets/asset-manager.ts	regex	/^_|_$/g	arg(   .replace(/_+/g, '_')\n        .replace)	generateSvgFilename	1	K-SCHEMA	rule: identifier/filename sanitising regex
src/tools/flutter/assets/asset-manager.ts	regex	/^flutter:/	PropertyAccessExpression	updatePubspecAssets	1	K-API	rule: pubspec YAML syntax regex
src/tools/flutter/assets/asset-manager.ts	regex	/^flutter:\s*(#.*)?$/	PropertyAccessExpression	updatePubspecAssets	2	K-API	rule: pubspec YAML syntax regex
src/tools/flutter/assets/asset-manager.ts	regex	/_+/g	arg(lace(/[^a-z0-9]/g, '_')\n        .replace)	generateAssetFilename	1	K-SCHEMA	rule: identifier/filename sanitising regex
src/tools/flutter/assets/asset-manager.ts	regex	/_+/g	arg(lace(/[^a-z0-9]/g, '_')\n        .replace)	generateSvgFilename	1	K-SCHEMA	rule: identifier/filename sanitising regex
src/tools/flutter/assets/asset-manager.ts	regex	/static const String (\w+) = '([^']+)';/g	arg(adFile(constantsPath, 'utf-8')).matchAll)	writeConstants	1	K-SCHEMA	sanitising or parsing regex
src/tools/flutter/assets/asset-manager.ts	string		arg(   .replace(/_+/g, '_')\n        .replace)	generateAssetFilename	1	K-SCHEMA	rule: filename/identifier formatting
src/tools/flutter/assets/asset-manager.ts	string		arg(   .replace(/_+/g, '_')\n        .replace)	generateSvgFilename	1	K-SCHEMA	rule: filename/identifier formatting
src/tools/flutter/assets/asset-manager.ts	string		arg(').replace(/\s+#.*$/, '').trim().replace)	updatePubspecAssets	1	K-API	rule: pubspec YAML syntax / line editing
src/tools/flutter/assets/asset-manager.ts	string		arg([assetsIdx].match(assetsKey)![1].replace)	updatePubspecAssets	1	K-API	rule: pubspec YAML syntax / line editing
src/tools/flutter/assets/asset-manager.ts	string		arg(lines.push)	updatePubspecAssets	1	K-API	rule: pubspec YAML syntax / line editing
src/tools/flutter/assets/asset-manager.ts	string		arg(lines[i].replace(/^\s*-\s*/, '').replace)	updatePubspecAssets	1	K-API	rule: pubspec YAML syntax / line editing
src/tools/flutter/assets/asset-manager.ts	string		arg(lines[i].replace)	updatePubspecAssets	1	K-API	rule: pubspec YAML syntax / line editing
src/tools/flutter/assets/asset-manager.ts	string		arg(s.trim().replace)	updatePubspecAssets	1	K-API	rule: pubspec YAML syntax / line editing
src/tools/flutter/assets/asset-manager.ts	string		arg(tring ${name} = '${assetPath}';\n`).join)	writeConstants	1	K-TEXT	report, label, log or error text
src/tools/flutter/assets/asset-manager.ts	string		binary(!==)	updatePubspecAssets	3	K-API	rule: pubspec YAML syntax / line editing
src/tools/flutter/assets/asset-manager.ts	string		binary(===)	isBlankOrComment	1	K-API	rule: pubspec YAML syntax / line editing
src/tools/flutter/assets/asset-manager.ts	string		binary(===)	isBlockLine	1	K-API	rule: pubspec YAML syntax / line editing
src/tools/flutter/assets/asset-manager.ts	string		binary(===)	updatePubspecAssets	1	K-API	rule: pubspec YAML syntax / line editing
src/tools/flutter/assets/asset-manager.ts	string		ternary	exportAssetNodes	2	K-TEXT	report, label, log or error text
src/tools/flutter/assets/asset-manager.ts	string	  	ternary	updatePubspecAssets	1	K-API	rule: pubspec YAML syntax / line editing
src/tools/flutter/assets/asset-manager.ts	string	#	arg(line.startsWith)	isBlockLine	1	K-API	rule: pubspec YAML syntax / line editing
src/tools/flutter/assets/asset-manager.ts	string	#	arg(line.trim().startsWith)	isBlankOrComment	1	K-API	rule: pubspec YAML syntax / line editing
src/tools/flutter/assets/asset-manager.ts	string	#	arg(line.trim().startsWith)	updatePubspecAssets	1	K-API	rule: pubspec YAML syntax / line editing
src/tools/flutter/assets/asset-manager.ts	string	$1	arg(path.replace)	toMainAssetPath	1	K-SCHEMA	rule: filename/identifier formatting
src/tools/flutter/assets/asset-manager.ts	string	,	arg(inline.slice(1, -1).split)	updatePubspecAssets	1	K-API	rule: pubspec YAML syntax / line editing
src/tools/flutter/assets/asset-manager.ts	string	, 	arg(DEVICE_PIXEL_RATIOS.join)	devicePixelRatiosInput	2	K-TEXT	report, label, log or error text
src/tools/flutter/assets/asset-manager.ts	string	, 	arg(mainPaths.join)	refuse	1	K-API	rule: pubspec YAML syntax / line editing
src/tools/flutter/assets/asset-manager.ts	string	.svg	arg(asset.filename.endsWith)	exportAssetNodes	1	K-TEXT	report, label, log or error text
src/tools/flutter/assets/asset-manager.ts	string	/	arg(entry.endsWith)	isCovered	1	K-API	rule: pubspec YAML syntax / line editing
src/tools/flutter/assets/asset-manager.ts	string	/	arg(path.slice(entry.length).includes)	isCovered	1	K-API	rule: pubspec YAML syntax / line editing
src/tools/flutter/assets/asset-manager.ts	string	Assets	ternary	generateAssetConstants	1	K-DART	rule: generated Dart identifiers / class text
src/tools/flutter/assets/asset-manager.ts	string	FigmaAssets	ternary	generateAssetConstants	1	K-DART	rule: generated Dart identifiers / class text
src/tools/flutter/assets/asset-manager.ts	string	Generated SVG asset constants	arg(writeConstants)	generateSvgAssetConstants	1	K-TEXT	report, label, log or error text
src/tools/flutter/assets/asset-manager.ts	string	Generated asset constants	arg(writeConstants)	generateAssetConstants	1	K-TEXT	report, label, log or error text
src/tools/flutter/assets/asset-manager.ts	string	HEIGHT	binary(===)	planNode	1	K-API	Figma REST enum or field value
src/tools/flutter/assets/asset-manager.ts	string	IMAGE	binary(===)	hasImageFill	1	K-API	Figma REST enum value
src/tools/flutter/assets/asset-manager.ts	string	SvgAssets	arg(writeConstants)	generateSvgAssetConstants	1	F-FACT	folder or class name written in code instead of src/defaults.json; B3.80
src/tools/flutter/assets/asset-manager.ts	string	Unknown	prop(size)	getFileStats	1	K-TEXT	rule: size report text
src/tools/flutter/assets/asset-manager.ts	string	WIDTH	binary(===)	planNode	2	K-API	Figma REST enum or field value
src/tools/flutter/assets/asset-manager.ts	string	[	arg(inline.startsWith)	updatePubspecAssets	1	K-API	rule: pubspec YAML syntax / line editing
src/tools/flutter/assets/asset-manager.ts	string	\n	arg(pubspecContent.includes)	updatePubspecAssets	1	K-API	rule: pubspec YAML syntax / line editing
src/tools/flutter/assets/asset-manager.ts	string	\n	ternary	updatePubspecAssets	2	K-API	rule: pubspec YAML syntax / line editing
src/tools/flutter/assets/asset-manager.ts	string	]	arg(inline.endsWith)	updatePubspecAssets	1	K-API	rule: pubspec YAML syntax / line editing
src/tools/flutter/assets/asset-manager.ts	string	_	arg(\n        .toLowerCase()\n        .replace)	generateAssetFilename	1	K-SCHEMA	rule: filename/identifier formatting
src/tools/flutter/assets/asset-manager.ts	string	_	arg(\n        .toLowerCase()\n        .replace)	generateSvgFilename	1	K-SCHEMA	rule: filename/identifier formatting
src/tools/flutter/assets/asset-manager.ts	string	_	arg(lace(/[^a-z0-9]/g, '_')\n        .replace)	generateAssetFilename	1	K-SCHEMA	rule: filename/identifier formatting
src/tools/flutter/assets/asset-manager.ts	string	_	arg(lace(/[^a-z0-9]/g, '_')\n        .replace)	generateSvgFilename	1	K-SCHEMA	rule: filename/identifier formatting
src/tools/flutter/assets/asset-manager.ts	string	another asset has the same name	prop(reason)	writeConstants	1	K-TEXT	report, label, log or error text
src/tools/flutter/assets/asset-manager.ts	string	asset entries use the map form	arg(refuse)	updatePubspecAssets	2	K-API	rule: pubspec YAML syntax / line editing
src/tools/flutter/assets/asset-manager.ts	string	assets: is not a block list or a one-line flow list	arg(refuse)	updatePubspecAssets	1	K-API	rule: pubspec YAML syntax / line editing
src/tools/flutter/assets/asset-manager.ts	string	flutter:	arg(lines.push)	updatePubspecAssets	1	K-API	rule: pubspec YAML syntax / line editing
src/tools/flutter/assets/asset-manager.ts	string	fs	arg(import)	getFileStats	1	K-TEXT	rule: size report text
src/tools/flutter/assets/asset-manager.ts	string	height	ternary	planNode	1	K-API	Figma REST enum or field value
src/tools/flutter/assets/asset-manager.ts	string	jpg	array	planNode	1	K-API	file extension or encoding name
src/tools/flutter/assets/asset-manager.ts	string	json	AssertEntry	(module)	1	K-API	file extension or encoding name
src/tools/flutter/assets/asset-manager.ts	string	not a valid Dart identifier	prop(reason)	writeConstants	1	K-TEXT	report, label, log or error text
src/tools/flutter/assets/asset-manager.ts	string	pdf	array	planNode	1	K-API	file extension or encoding name
src/tools/flutter/assets/asset-manager.ts	string	pdf	binary(===)	planNode	2	K-API	file extension or encoding name
src/tools/flutter/assets/asset-manager.ts	string	pdf	binary(===)	vectorFormat	1	K-API	file extension or encoding name
src/tools/flutter/assets/asset-manager.ts	string	png	array	planNode	1	K-API	file extension or encoding name
src/tools/flutter/assets/asset-manager.ts	string	png	binary(??)	exportAssetNodes	1	K-API	file extension or encoding name
src/tools/flutter/assets/asset-manager.ts	string	pubspec.yaml	arg(join)	exportAssetNodes	1	K-API	Flutter project file name
src/tools/flutter/assets/asset-manager.ts	string	pubspec.yaml	arg(join)	usesFlutterGen	1	K-API	rule: Node encoding / Flutter manifest file name
src/tools/flutter/assets/asset-manager.ts	string	svg	array	planNode	1	K-API	file extension or encoding name
src/tools/flutter/assets/asset-manager.ts	string	svg	binary(===)	planNode	2	K-API	file extension or encoding name
src/tools/flutter/assets/asset-manager.ts	string	svg	binary(===)	vectorFormat	1	K-API	file extension or encoding name
src/tools/flutter/assets/asset-manager.ts	string	top-level flutter: is not a block mapping	arg(refuse)	updatePubspecAssets	1	K-API	rule: pubspec YAML syntax / line editing
src/tools/flutter/assets/asset-manager.ts	string	utf-8	arg(readFile)	updatePubspecAssets	1	K-API	rule: Node encoding / Flutter manifest file name
src/tools/flutter/assets/asset-manager.ts	string	utf-8	arg(readFile)	usesFlutterGen	1	K-API	rule: Node encoding / Flutter manifest file name
src/tools/flutter/assets/asset-manager.ts	string	utf-8	arg(readFile)	writeConstants	1	K-API	file extension or encoding name
src/tools/flutter/assets/asset-manager.ts	string	width	ternary	planNode	1	K-API	Figma REST enum or field value
src/tools/flutter/assets/asset-manager.ts	template	  static const String ${…} = '${…}';\n	ArrowFunction	writeConstants	1	K-DART	emitted Dart code
src/tools/flutter/assets/asset-manager.ts	template	 at ${…}x	ternary	exportAssetNodes	2	K-TEXT	report, label, log or error text
src/tools/flutter/assets/asset-manager.ts	template	${…}  	var(itemIndent)	updatePubspecAssets	1	K-API	rule: pubspec YAML syntax / line editing
src/tools/flutter/assets/asset-manager.ts	template	${…} (${…}): Figma returned no image for ${…}${…}; not exported	arg(notes.push)	exportAssetNodes	1	K-TEXT	report, label, log or error text
src/tools/flutter/assets/asset-manager.ts	template	${…} (${…}): download failed for ${…}${…} (${…}); not exported	arg(notes.push)	exportAssetNodes	1	K-TEXT	report, label, log or error text
src/tools/flutter/assets/asset-manager.ts	template	${…}${…}	arg(writeFile)	updatePubspecAssets	1	K-API	rule: pubspec YAML syntax / line editing
src/tools/flutter/assets/asset-manager.ts	template	${…}- ${…}	ArrowFunction	updatePubspecAssets	2	K-API	rule: pubspec YAML syntax / line editing
src/tools/flutter/assets/asset-manager.ts	template	${…}.${…}	return	generateAssetFilename	1	K-SCHEMA	rule: filename/identifier formatting
src/tools/flutter/assets/asset-manager.ts	template	${…}.0x	ternary	generateAssetFilename	1	K-DART	rule: generated Dart identifiers / class text
src/tools/flutter/assets/asset-manager.ts	template	${…}.svg	return	generateSvgFilename	1	K-SCHEMA	rule: filename/identifier formatting
src/tools/flutter/assets/asset-manager.ts	template	${…}/${…}	prop(assetPath)	generateAssetConstants	1	K-API	file path or request key composition
src/tools/flutter/assets/asset-manager.ts	template	${…}/${…}	prop(assetPath)	generateSvgAssetConstants	1	K-API	file path or request key composition
src/tools/flutter/assets/asset-manager.ts	template	${…}/${…}	prop(path)	exportAssetNodes	1	K-API	file path or request key composition
src/tools/flutter/assets/asset-manager.ts	template	${…}/${…}.${…}	return	generateAssetFilename	1	K-SCHEMA	rule: filename/identifier formatting
src/tools/flutter/assets/asset-manager.ts	template	${…}: ${…} ${…} needs an absoluteBoundingBox; not exported	arg(notes.push)	planNode	1	K-TEXT	report, label, log or error text
src/tools/flutter/assets/asset-manager.ts	template	${…}: ${…} ${…} → ${…}x, exported at ${…}x	arg(notes.push)	planNode	1	K-TEXT	report, label, log or error text
src/tools/flutter/assets/asset-manager.ts	template	${…}: SCALE ${…} → exported at ${…}x	arg(notes.push)	planNode	1	K-TEXT	report, label, log or error text
src/tools/flutter/assets/asset-manager.ts	template	${…}: export format ${…} is not supported; not exported	arg(notes.push)	planNode	1	K-TEXT	report, label, log or error text
src/tools/flutter/assets/asset-manager.ts	template	${…}: suffix "${…}" is reported, not used in the file name	arg(notes.push)	planNode	1	K-TEXT	report, label, log or error text
src/tools/flutter/assets/asset-manager.ts	template	${…}@${…}	arg(requests.set)	add	1	K-API	file path or request key composition
src/tools/flutter/assets/asset-manager.ts	template	${…}@${…}	var(key)	exportAssetNodes	1	K-API	file path or request key composition
src/tools/flutter/assets/asset-manager.ts	template	${…}KB	ternary	getFileStats	1	K-TEXT	rule: size report text
src/tools/flutter/assets/asset-manager.ts	template	${…}MB	ternary	getFileStats	1	K-TEXT	rule: size report text
src/tools/flutter/assets/asset-manager.ts	template	${…}assets:	arg(lines.splice)	updatePubspecAssets	1	K-API	rule: pubspec YAML syntax / line editing
src/tools/flutter/assets/asset-manager.ts	template	${…}assets:	binary(=)	updatePubspecAssets	1	K-API	rule: pubspec YAML syntax / line editing
src/tools/flutter/assets/asset-manager.ts	template	${…}x	ternary	generateAssetFilename	1	K-DART	rule: generated Dart identifiers / class text
src/tools/flutter/assets/asset-manager.ts	template	.${…}	arg(generateSvgFilename(node.name).replace)	exportAssetNodes	1	K-API	file path or request key composition
src/tools/flutter/assets/asset-manager.ts	template	// ${…}\n// Do not edit manually\n\nclass ${…} {\n${…}}\n	arg(writeFile)	writeConstants	1	K-DART	emitted Dart code
src/tools/flutter/assets/asset-manager.ts	template	Device pixel ratios (${…}) to export PNG at for nodes without exportSettings (default: ${…})	arg( ')}`})).min(1).optional()\n    .describe)	devicePixelRatiosInput	1	K-SCHEMA	tool or parameter name, title or description
src/tools/flutter/assets/asset-manager.ts	template	Failed to download image: HTTP ${…}	arg(super)	DownloadError	1	K-TEXT	report, label, log or error text
src/tools/flutter/assets/asset-manager.ts	template	HTTP ${…}	return	downloadFailureReason	1	K-TEXT	report, label, log or error text
src/tools/flutter/assets/asset-manager.ts	template	^${…}assets:\s*(.*)$	arg(RegExp)	updatePubspecAssets	1	K-API	rule: pubspec YAML syntax / line editing
src/tools/flutter/assets/asset-manager.ts	template	must be one of ${…}	prop(message)	devicePixelRatiosInput	1	K-TEXT	report, label, log or error text
src/tools/flutter/assets/asset-manager.ts	template	pubspec.yaml left unchanged (${…}). Add these under flutter: assets: ${…}	arg(Error)	refuse	1	K-API	rule: pubspec YAML syntax / line editing
src/tools/flutter/assets/asset-manager.ts	type-string	jpg	LiteralType	(module)	1	K-SCHEMA	literal in a TypeScript type
src/tools/flutter/assets/asset-manager.ts	type-string	pdf	LiteralType	(module)	1	K-SCHEMA	literal in a TypeScript type
src/tools/flutter/assets/asset-manager.ts	type-string	png	LiteralType	(module)	1	K-SCHEMA	literal in a TypeScript type
src/tools/flutter/assets/asset-manager.ts	type-string	skipped	LiteralType	writeConstants	1	K-SCHEMA	literal in a TypeScript type
src/tools/flutter/assets/asset-manager.ts	type-string	svg	LiteralType	(module)	1	K-SCHEMA	literal in a TypeScript type
src/tools/flutter/assets/asset-report.ts	number	0	binary(===)	analyseAssetSection	1	K-CONV	index, count, midpoint or identity element
src/tools/flutter/assets/asset-report.ts	number	0	binary(>)	assetUsageReport	4	K-CONV	index, count, midpoint or identity element
src/tools/flutter/assets/asset-report.ts	number	50	arg('='.repeat)	analyseAssetSection	1	K-TEXT	width of the report rule line
src/tools/flutter/assets/asset-report.ts	string		arg(e.path).split(sep).join('/')}';\n`).join)	assetUsageReport	1	K-TEXT	report, label, log or error text
src/tools/flutter/assets/asset-report.ts	string		arg(notes.map(note => `   • ${note}\n`).join)	analyseAssetSection	1	K-TEXT	report, label, log or error text
src/tools/flutter/assets/asset-report.ts	string		arg(ry.assetPath}): ${entry.reason}\n`).join)	assetUsageReport	1	K-TEXT	report, label, log or error text
src/tools/flutter/assets/asset-report.ts	string		arg(usage.join)	assetUsageReport	1	K-TEXT	report, label, log or error text
src/tools/flutter/assets/asset-report.ts	string		arg(• ${asset.path} (${asset.size})\n`).join)	analyseAssetSection	1	K-TEXT	report, label, log or error text
src/tools/flutter/assets/asset-report.ts	string		binary(??)	nodeNameOf	1	K-TEXT	report, label, log or error text
src/tools/flutter/assets/asset-report.ts	string		ternary	analyseAssetSection	1	K-TEXT	report, label, log or error text
src/tools/flutter/assets/asset-report.ts	string	, 	arg(> relative(projectPath, file.path)).join)	assetUsageReport	1	K-TEXT	report, label, log or error text
src/tools/flutter/assets/asset-report.ts	string	, 	arg(folders.join)	assetUsageReport	1	K-TEXT	report, label, log or error text
src/tools/flutter/assets/asset-report.ts	string	, 	arg(pdfs.map(asset => asset.path).join)	assetUsageReport	1	K-TEXT	report, label, log or error text
src/tools/flutter/assets/asset-report.ts	string	.pdf	arg(asset.filename.endsWith)	assetUsageReport	1	K-TEXT	report, label, log or error text
src/tools/flutter/assets/asset-report.ts	string	.svg	arg(assetPath.endsWith)	assetUsageReport	2	K-TEXT	report, label, log or error text
src/tools/flutter/assets/asset-report.ts	string	/	arg(ative(libDir, file.path).split(sep).join)	assetUsageReport	1	K-TEXT	report, label, log or error text
src/tools/flutter/assets/asset-report.ts	string	=	PropertyAccessExpression	analyseAssetSection	1	K-TEXT	report, label, log or error text
src/tools/flutter/assets/asset-report.ts	string	Image	ternary	assetUsageReport	1	K-DART	Dart widget or type name
src/tools/flutter/assets/asset-report.ts	string	SvgPicture	ternary	assetUsageReport	1	K-DART	Dart widget or type name
src/tools/flutter/assets/asset-report.ts	string	lib	arg(join)	assetUsageReport	1	F-FACT	folder or class name written in code instead of src/defaults.json; B3.80
src/tools/flutter/assets/asset-report.ts	template	   • ${…} (${…})\n	ArrowFunction	analyseAssetSection	1	K-TEXT	report, label, log or error text
src/tools/flutter/assets/asset-report.ts	template	   • ${…}\n	ArrowFunction	analyseAssetSection	1	K-TEXT	report, label, log or error text
src/tools/flutter/assets/asset-report.ts	template	  ${…}.asset(${…}.${…}) // ${…}\n	ArrowFunction	assetUsageReport	1	K-DART	emitted Dart code
src/tools/flutter/assets/asset-report.ts	template	  - ${…} (${…}): ${…}\n	ArrowFunction	assetUsageReport	1	K-TEXT	report, label, log or error text
src/tools/flutter/assets/asset-report.ts	template	${…}\n${…}\n	return	analyseAssetSection	1	K-TEXT	report, label, log or error text
src/tools/flutter/assets/asset-report.ts	template	Asset constants written to: ${…}\n	binary(+=)	assetUsageReport	1	K-TEXT	report, label, log or error text
src/tools/flutter/assets/asset-report.ts	template	Asset folders (declared in pubspec.yaml): ${…}\n	var(report)	assetUsageReport	1	K-TEXT	report, label, log or error text
src/tools/flutter/assets/asset-report.ts	template	Found and exported ${…} asset(s):\n\n	binary(+=)	analyseAssetSection	1	K-TEXT	report, label, log or error text
src/tools/flutter/assets/asset-report.ts	template	Import: import 'package:${…}/${…}';\n	ArrowFunction	assetUsageReport	1	K-DART	emitted Dart code
src/tools/flutter/assets/asset-report.ts	template	Import: import 'package:flutter_svg/flutter_svg.dart'; (flutter_svg provides SvgPicture; run `flutter pub add flutter_svg`)\n	binary(+=)	assetUsageReport	1	K-DART	emitted Dart code
src/tools/flutter/assets/asset-report.ts	template	Import: pubspec.yaml has no name: line, so the package: import cannot be written.\n	ternary	assetUsageReport	1	K-TEXT	report, label, log or error text
src/tools/flutter/assets/asset-report.ts	template	No constant (file still written):\n${…}	binary(+=)	assetUsageReport	1	K-TEXT	report, label, log or error text
src/tools/flutter/assets/asset-report.ts	template	PDF (path only, no constant): ${…}\n	binary(+=)	assetUsageReport	1	K-TEXT	report, label, log or error text
src/tools/flutter/assets/asset-report.ts	template	Usage:\n${…}	binary(+=)	assetUsageReport	1	K-TEXT	report, label, log or error text
src/tools/flutter/assets/asset-report.ts	template	\n${…}	binary(+=)	analyseAssetSection	1	K-TEXT	report, label, log or error text
src/tools/flutter/assets/asset-report.ts	template	\n${…}\n🖼️  ${…}\n${…}\n\n	var(report)	analyseAssetSection	1	K-TEXT	report, label, log or error text
src/tools/flutter/assets/asset-report.ts	template	\nExport notes:\n${…}	binary(+=)	analyseAssetSection	1	K-TEXT	report, label, log or error text
src/tools/flutter/assets/asset-report.ts	template	\nExport notes:\n${…}	ternary	analyseAssetSection	1	K-TEXT	report, label, log or error text
src/tools/flutter/assets/assets.ts	number	0	binary(===)	registerFlutterAssetTools	2	K-CONV	rule: 0/1/-1 index, count, identity
src/tools/flutter/assets/assets.ts	number	0	binary(>)	registerFlutterAssetTools	1	K-CONV	rule: 0/1/-1 index, count, identity
src/tools/flutter/assets/assets.ts	string		arg(notes.map(note => `- ${note}\n`).join)	registerFlutterAssetTools	2	K-TEXT	report, label, log or error text
src/tools/flutter/assets/assets.ts	string	); a node without them is exported in `format` at each of devicePixelRatios.	binary(+)	registerFlutterAssetTools	1	K-TEXT	report, label, log or error text
src/tools/flutter/assets/assets.ts	string	, 	arg(DEVICE_PIXEL_RATIOS.join)	registerFlutterAssetTools	1	K-TEXT	report, label, log or error text
src/tools/flutter/assets/assets.ts	string	Array of node IDs to export; each is exported, and so are its descendants with exportSettings or a visible IMAGE fill	arg(z.array(z.string()).describe)	registerFlutterAssetTools	1	K-SCHEMA	tool or parameter name, title or description
src/tools/flutter/assets/assets.ts	string	Error exporting assets	arg(figmaTool)	registerFlutterAssetTools	1	K-TEXT	R8: error message text
src/tools/flutter/assets/assets.ts	string	Export Flutter Assets	prop(title)	registerFlutterAssetTools	1	K-SCHEMA	rule: tool name / zod schema / description
src/tools/flutter/assets/assets.ts	string	Export format for nodes without exportSettings (default: png)	arg(png', 'jpg', 'svg']).optional().describe)	registerFlutterAssetTools	1	F-DEFAULT	tool-input default for the export format, no owning ticket; B3.88
src/tools/flutter/assets/assets.ts	string	Export the given Figma nodes, plus descendants that have exportSettings or a visible IMAGE fill, into the Flutter assets folders and pubspec.yaml. A node's expo	binary(+)	registerFlutterAssetTools	1	K-TEXT	report, label, log or error text
src/tools/flutter/assets/assets.ts	string	Figma file ID	arg(z.string().describe)	registerFlutterAssetTools	1	K-SCHEMA	rule: tool name / zod schema / description
src/tools/flutter/assets/assets.ts	string	No visible nodes to export in the specified IDs. Hidden nodes (visible: false) and empty icon slots are skipped.	prop(text)	registerFlutterAssetTools	1	K-TEXT	report, label, log or error text
src/tools/flutter/assets/assets.ts	string	Path to Flutter project (defaults to current directory)	arg(z.string().optional().describe)	registerFlutterAssetTools	1	K-SCHEMA	rule: tool name / zod schema / description
src/tools/flutter/assets/assets.ts	string	export_flutter_assets	arg(server.registerTool)	registerFlutterAssetTools	1	K-SCHEMA	rule: tool name / zod schema / description
src/tools/flutter/assets/assets.ts	string	jpg	array-arg(z.enum)	registerFlutterAssetTools	1	K-SCHEMA	rule: tool name / zod schema / description
src/tools/flutter/assets/assets.ts	string	png	BindingElement	registerFlutterAssetTools	1	F-DEFAULT	tool-input default for the export format, no owning ticket; B3.88
src/tools/flutter/assets/assets.ts	string	png	array-arg(z.enum)	registerFlutterAssetTools	1	K-SCHEMA	rule: tool name / zod schema / description
src/tools/flutter/assets/assets.ts	string	svg	array-arg(z.enum)	registerFlutterAssetTools	1	K-SCHEMA	rule: tool name / zod schema / description
src/tools/flutter/assets/assets.ts	string	text	prop(type)	registerFlutterAssetTools	4	K-API	rule: MCP content type
src/tools/flutter/assets/assets.ts	template	  • ${…} (${…})\n	binary(+=)	registerFlutterAssetTools	1	K-TEXT	rule: tool report / log text
src/tools/flutter/assets/assets.ts	template	- ${…}\n	ArrowFunction	registerFlutterAssetTools	2	K-TEXT	report, label, log or error text
src/tools/flutter/assets/assets.ts	template	Downloaded Assets:\n	binary(+=)	registerFlutterAssetTools	1	K-TEXT	rule: tool report / log text
src/tools/flutter/assets/assets.ts	template	No assets were exported.\n${…}	prop(text)	registerFlutterAssetTools	1	K-TEXT	report, label, log or error text
src/tools/flutter/assets/assets.ts	template	Successfully exported ${…} assets to Flutter project!\n\n	var(output)	registerFlutterAssetTools	1	K-TEXT	report, label, log or error text
src/tools/flutter/assets/assets.ts	template	\n${…}	binary(+=)	registerFlutterAssetTools	1	K-TEXT	report, label, log or error text
src/tools/flutter/assets/assets.ts	template	\nExport notes:\n${…}	binary(+=)	registerFlutterAssetTools	1	K-TEXT	report, label, log or error text
src/tools/flutter/assets/svg-assets.ts	number	0	binary(===)	registerSvgAssetTools	1	K-CONV	rule: 0/1/-1 index, count, identity
src/tools/flutter/assets/svg-assets.ts	number	1	prop(scale)	registerSvgAssetTools	1	K-CONV	rule: 0/1/-1 index, count, identity
src/tools/flutter/assets/svg-assets.ts	string	Array of node IDs to export as SVG; descendants with an SVG export setting are exported too	arg(z.array(z.string()).describe)	registerSvgAssetTools	1	K-SCHEMA	tool or parameter name, title or description
src/tools/flutter/assets/svg-assets.ts	string	Error exporting SVG assets	arg(figmaTool)	registerSvgAssetTools	1	K-TEXT	R8: error message text
src/tools/flutter/assets/svg-assets.ts	string	Export Figma nodes as SVG: exactly the node IDs given, plus descendants whose exportSettings include SVG. Nothing is guessed from a node's contents; hidden node	prop(description)	registerSvgAssetTools	1	K-SCHEMA	tool or parameter name, title or description
src/tools/flutter/assets/svg-assets.ts	string	Export SVG Flutter Assets	prop(title)	registerSvgAssetTools	1	K-SCHEMA	rule: tool name / zod schema / description
src/tools/flutter/assets/svg-assets.ts	string	Figma file ID	arg(z.string().describe)	registerSvgAssetTools	1	K-SCHEMA	rule: tool name / zod schema / description
src/tools/flutter/assets/svg-assets.ts	string	Hidden nodes (visible: false) and empty slots are skipped.	binary(+)	registerSvgAssetTools	1	K-TEXT	report, label, log or error text
src/tools/flutter/assets/svg-assets.ts	string	No SVG assets to export: none of the specified nodes is visible. 	binary(+)	registerSvgAssetTools	1	K-TEXT	report, label, log or error text
src/tools/flutter/assets/svg-assets.ts	string	Path to Flutter project (defaults to current directory)	arg(z.string().optional().describe)	registerSvgAssetTools	1	K-SCHEMA	rule: tool name / zod schema / description
src/tools/flutter/assets/svg-assets.ts	string	SVG	binary(===)	visit	1	K-API	Figma REST enum value
src/tools/flutter/assets/svg-assets.ts	string	export_svg_flutter_assets	arg(server.registerTool)	registerSvgAssetTools	1	K-SCHEMA	rule: tool name / zod schema / description
src/tools/flutter/assets/svg-assets.ts	string	json	AssertEntry	(module)	1	K-API	file extension or encoding name
src/tools/flutter/assets/svg-assets.ts	string	pubspec.yaml	arg(join)	registerSvgAssetTools	1	K-API	rule: Node encoding / Flutter manifest file name
src/tools/flutter/assets/svg-assets.ts	string	svg	prop(format)	registerSvgAssetTools	1	K-API	hand: Figma GET image format enum
src/tools/flutter/assets/svg-assets.ts	string	text	prop(type)	registerSvgAssetTools	3	K-API	rule: MCP content type
src/tools/flutter/assets/svg-assets.ts	template	  • ${…} (${…})\n	binary(+=)	registerSvgAssetTools	1	K-TEXT	report, label, log or error text
src/tools/flutter/assets/svg-assets.ts	template	${…}/${…}	prop(path)	registerSvgAssetTools	1	K-API	file path or request key composition
src/tools/flutter/assets/svg-assets.ts	template	Downloaded SVG Assets:\n	binary(+=)	registerSvgAssetTools	1	K-TEXT	rule: tool report / log text
src/tools/flutter/assets/svg-assets.ts	template	Successfully exported ${…} SVG assets to Flutter project!\n\n	var(output)	registerSvgAssetTools	1	K-TEXT	rule: tool report / log text
src/tools/flutter/assets/svg-assets.ts	template	\n${…}	binary(+=)	registerSvgAssetTools	1	K-TEXT	report, label, log or error text
src/tools/flutter/components/component-tool.ts	number	0	arg(input.substring)	registerComponentTools	1	K-TEXT	rule: log truncation (Logger.info input preview)
src/tools/flutter/components/component-tool.ts	number	0	binary(===)	registerComponentTools	1	K-CONV	rule: 0/1/-1/2 identity, index, count, halving or Alignment -1..1 math
src/tools/flutter/components/component-tool.ts	number	0	binary(>)	registerComponentTools	4	K-CONV	rule: 0/1/-1/2 identity, index, count, halving or Alignment -1..1 math
src/tools/flutter/components/component-tool.ts	number	0	ternary	registerComponentTools	1	K-CONV	rule: 0/1/-1/2 identity, index, count, halving or Alignment -1..1 math
src/tools/flutter/components/component-tool.ts	number	10	BindingElement	registerComponentTools	1	F-HEUR	analysis cap; removed by ticket 15
src/tools/flutter/components/component-tool.ts	number	30	arg('─'.repeat)	registerComponentTools	2	K-TEXT	rule: separator width in report text
src/tools/flutter/components/component-tool.ts	number	50	arg('='.repeat)	registerComponentTools	1	K-TEXT	rule: separator width in report text
src/tools/flutter/components/component-tool.ts	number	50	arg(input.substring)	registerComponentTools	1	K-TEXT	rule: log truncation (Logger.info input preview)
src/tools/flutter/components/component-tool.ts	string		arg(.isDefault ? ' (default)' : ''}\n`).join)	registerComponentTools	1	K-TEXT	rule: separator/whitespace/padding char
src/tools/flutter/components/component-tool.ts	string		ternary	registerComponentTools	2	K-TEXT	rule: separator/whitespace/padding char
src/tools/flutter/components/component-tool.ts	string		var(assetExportInfo)	registerComponentTools	1	K-TEXT	rule: separator/whitespace/padding char
src/tools/flutter/components/component-tool.ts	string		var(variantHeader)	registerComponentTools	1	K-TEXT	rule: separator/whitespace/padding char
src/tools/flutter/components/component-tool.ts	string	 (default)	ternary	registerComponentTools	2	K-TEXT	report, label, log or error text
src/tools/flutter/components/component-tool.ts	string	, 	arg(variantSelection.join)	registerComponentTools	1	K-TEXT	rule: separator/whitespace/padding char
src/tools/flutter/components/component-tool.ts	string	...	binary(+)	registerComponentTools	1	K-TEXT	rule: separator/whitespace/padding char
src/tools/flutter/components/component-tool.ts	string	; 	arg(alysis.map(variant => variant.name).join)	registerComponentTools	1	K-TEXT	report, label, log or error text
src/tools/flutter/components/component-tool.ts	string	=	PropertyAccessExpression	registerComponentTools	1	K-TEXT	rule: separator/whitespace/padding char
src/tools/flutter/components/component-tool.ts	string	AUTOMATIC ASSET EXPORT	arg(analyseAssetSection)	registerComponentTools	1	K-TEXT	report, label, log or error text
src/tools/flutter/components/component-tool.ts	string	Analyze Figma Component	prop(title)	registerComponentTools	1	K-SCHEMA	rule: tool name/title/description
src/tools/flutter/components/component-tool.ts	string	Analyze a Figma component or component set to extract layout, styling, and structure information for Flutter widget creation. Use analyze_frame_as_screen for to	prop(description)	registerComponentTools	1	K-SCHEMA	tool or parameter name, title or description
src/tools/flutter/components/component-tool.ts	string	COMPONENT	binary(===)	registerComponentTools	3	K-API	rule: Figma REST enum value
src/tools/flutter/components/component-tool.ts	string	COMPONENT_SET	binary(!==)	registerComponentTools	1	K-API	rule: Figma REST enum value
src/tools/flutter/components/component-tool.ts	string	COMPONENT_SET	binary(===)	registerComponentTools	4	K-API	rule: Figma REST enum value
src/tools/flutter/components/component-tool.ts	string	Custom widget class name	arg(z.string().optional().describe)	registerComponentTools	1	K-SCHEMA	rule: tool name/title/description
src/tools/flutter/components/component-tool.ts	string	Error analyzing component	arg(figmaTool)	registerComponentTools	1	K-TEXT	R8: error message text
src/tools/flutter/components/component-tool.ts	string	Error generating Flutter implementation	arg(figmaTool)	registerComponentTools	1	K-TEXT	R8: error message text
src/tools/flutter/components/component-tool.ts	string	Error inspecting structure	arg(figmaTool)	registerComponentTools	1	K-TEXT	R8: error message text
src/tools/flutter/components/component-tool.ts	string	Error listing variants	arg(figmaTool)	registerComponentTools	1	K-TEXT	R8: error message text
src/tools/flutter/components/component-tool.ts	string	Export descendants that have exportSettings or a visible IMAGE fill (default: true)	arg(z.boolean().optional().describe)	registerComponentTools	1	K-SCHEMA	tool or parameter name, title or description
src/tools/flutter/components/component-tool.ts	string	FRAME	binary(===)	registerComponentTools	4	K-API	rule: Figma REST enum value
src/tools/flutter/components/component-tool.ts	string	Figma component URL or file ID	arg(z.string().describe)	registerComponentTools	2	K-SCHEMA	rule: tool name/title/description
src/tools/flutter/components/component-tool.ts	string	Figma component set URL or file ID	arg(z.string().describe)	registerComponentTools	1	K-SCHEMA	rule: tool name/title/description
src/tools/flutter/components/component-tool.ts	string	Figma node URL or file ID	arg(z.string().describe)	registerComponentTools	1	K-SCHEMA	tool or parameter name, title or description
src/tools/flutter/components/component-tool.ts	string	Generate Flutter Implementation	prop(title)	registerComponentTools	1	K-SCHEMA	rule: tool name/title/description
src/tools/flutter/components/component-tool.ts	string	Generate complete Flutter widget code for one Figma node, with the style definitions it uses	prop(description)	registerComponentTools	1	K-SCHEMA	tool or parameter name, title or description
src/tools/flutter/components/component-tool.ts	string	Generate full Flutter implementation code (default: false)	arg(z.boolean().optional().describe)	registerComponentTools	1	K-SCHEMA	rule: tool name/title/description
src/tools/flutter/components/component-tool.ts	string	Get a quick overview of component structure, children, and nested components. Use inspect_frame_structure for top-level frames.	prop(description)	registerComponentTools	1	K-SCHEMA	tool or parameter name, title or description
src/tools/flutter/components/component-tool.ts	string	INSTANCE	binary(===)	registerComponentTools	2	K-API	rule: Figma REST enum value
src/tools/flutter/components/component-tool.ts	string	Include style definitions in output (default: true)	arg(z.boolean().optional().describe)	registerComponentTools	1	K-SCHEMA	rule: tool name/title/description
src/tools/flutter/components/component-tool.ts	string	Include variant analysis for component sets (default: true)	arg(z.boolean().optional().describe)	registerComponentTools	1	K-SCHEMA	rule: tool name/title/description
src/tools/flutter/components/component-tool.ts	string	Inspect Component Structure	prop(title)	registerComponentTools	1	K-SCHEMA	rule: tool name/title/description
src/tools/flutter/components/component-tool.ts	string	Invalid input format	binary(||)	registerComponentTools	2	K-TEXT	hand-reviewed ||-fallback: error text only
src/tools/flutter/components/component-tool.ts	string	List Component Variants	prop(title)	registerComponentTools	1	K-SCHEMA	rule: tool name/title/description
src/tools/flutter/components/component-tool.ts	string	List the variants of a Figma component set with the variant axes and defaults Figma defines	prop(description)	registerComponentTools	1	K-SCHEMA	tool or parameter name, title or description
src/tools/flutter/components/component-tool.ts	string	Maximum child nodes to analyze (default: 10)	arg(z.number().optional().describe)	registerComponentTools	1	F-HEUR	analysis cap; removed by ticket 15
src/tools/flutter/components/component-tool.ts	string	Node ID (if providing file ID separately)	arg(z.string().optional().describe)	registerComponentTools	4	K-SCHEMA	rule: tool name/title/description
src/tools/flutter/components/component-tool.ts	string	Path to Flutter project for asset export (defaults to current directory)	arg(z.string().optional().describe)	registerComponentTools	1	K-SCHEMA	rule: tool name/title/description
src/tools/flutter/components/component-tool.ts	string	Show all children regardless of limits (default: false)	arg(z.boolean().optional().describe)	registerComponentTools	1	K-SCHEMA	rule: tool name/title/description
src/tools/flutter/components/component-tool.ts	string	Treat a FRAME as a component (when designer hasn't converted to actual component yet) (default: false)	arg(z.boolean().optional().describe)	registerComponentTools	2	K-SCHEMA	rule: tool name/title/description
src/tools/flutter/components/component-tool.ts	string	Use style deduplication for token efficiency (default: true)	arg(z.boolean().optional().describe)	registerComponentTools	1	K-SCHEMA	rule: tool name/title/description
src/tools/flutter/components/component-tool.ts	string	Variant names to analyze instead of every variant of a component set	arg(z.array(z.string()).optional().describe)	registerComponentTools	1	K-SCHEMA	tool or parameter name, title or description
src/tools/flutter/components/component-tool.ts	string	\n	arg(?? node.name} ${variant.name}`))))).join)	registerComponentTools	1	K-TEXT	rule: separator/whitespace/padding char
src/tools/flutter/components/component-tool.ts	string	\n	binary(+=)	registerComponentTools	1	K-TEXT	rule: separator/whitespace/padding char
src/tools/flutter/components/component-tool.ts	string	\n\n	arg(reports.join)	registerComponentTools	1	K-TEXT	rule: separator/whitespace/padding char
src/tools/flutter/components/component-tool.ts	string	\n\n	binary(+)	registerComponentTools	2	K-TEXT	rule: separator/whitespace/padding char
src/tools/flutter/components/component-tool.ts	string	analyze_figma_component	arg(server.registerTool)	registerComponentTools	1	K-SCHEMA	rule: tool name/title/description
src/tools/flutter/components/component-tool.ts	string	generate_flutter_implementation	arg(server.registerTool)	registerComponentTools	1	K-SCHEMA	rule: tool name/title/description
src/tools/flutter/components/component-tool.ts	string	inspect_component_structure	arg(server.registerTool)	registerComponentTools	1	K-SCHEMA	rule: tool name/title/description
src/tools/flutter/components/component-tool.ts	string	list_component_variants	arg(server.registerTool)	registerComponentTools	1	K-SCHEMA	rule: tool name/title/description
src/tools/flutter/components/component-tool.ts	string	text	prop(type)	registerComponentTools	17	K-API	rule: MCP content type
src/tools/flutter/components/component-tool.ts	string	url	binary(===)	registerComponentTools	1	K-SCHEMA	rule: value of our own analysis/style-category schema
src/tools/flutter/components/component-tool.ts	string	─	PropertyAccessExpression	registerComponentTools	2	K-TEXT	rule: separator/whitespace/padding char
src/tools/flutter/components/component-tool.ts	string	🏗️  Flutter Implementation\n	var(output)	registerComponentTools	1	K-TEXT	rule: user-facing/log text, no design fact
src/tools/flutter/components/component-tool.ts	string	📋 Style Definitions:\n	binary(+=)	registerComponentTools	1	K-TEXT	rule: user-facing/log text, no design fact
src/tools/flutter/components/component-tool.ts	template	${…} ${…}	arg(typeName)	registerComponentTools	2	K-TEXT	report, label, log or error text
src/tools/flutter/components/component-tool.ts	template	${…}\n	binary(+)	registerComponentTools	1	K-TEXT	rule: report/log/approximation text, no design fact
src/tools/flutter/components/component-tool.ts	template	${…}\n	binary(+=)	registerComponentTools	1	K-TEXT	rule: report/log/approximation text, no design fact
src/tools/flutter/components/component-tool.ts	template	${…}\n\n	binary(+=)	registerComponentTools	1	K-TEXT	rule: report/log/approximation text, no design fact
src/tools/flutter/components/component-tool.ts	template	- ${…}${…}\n	ArrowFunction	registerComponentTools	1	K-TEXT	report, label, log or error text
src/tools/flutter/components/component-tool.ts	template	// ${…} (${…})\n	binary(+=)	registerComponentTools	1	K-TEXT	report, label, log or error text
src/tools/flutter/components/component-tool.ts	template	Analyzed variants (${…} of ${…}):\n	binary(+)	registerComponentTools	1	K-TEXT	report, label, log or error text
src/tools/flutter/components/component-tool.ts	template	Component Set: ${…}\n\n	binary(+)	registerComponentTools	1	K-TEXT	report, label, log or error text
src/tools/flutter/components/component-tool.ts	template	Component Set: ${…}\n\n${…}\n	var(output)	registerComponentTools	1	K-TEXT	rule: report/log/approximation text, no design fact
src/tools/flutter/components/component-tool.ts	template	Component set with node ID "${…}" not found.	prop(text)	registerComponentTools	1	K-TEXT	rule: report/log/approximation text, no design fact
src/tools/flutter/components/component-tool.ts	template	Component with node ID "${…}" not found in file.	prop(text)	registerComponentTools	1	K-TEXT	rule: report/log/approximation text, no design fact
src/tools/flutter/components/component-tool.ts	template	Component with node ID "${…}" not found.	prop(text)	registerComponentTools	1	K-TEXT	rule: report/log/approximation text, no design fact
src/tools/flutter/components/component-tool.ts	template	Error parsing input: ${…}	prop(text)	registerComponentTools	4	K-TEXT	hand-reviewed ||-fallback: error text only
src/tools/flutter/components/component-tool.ts	template	No variant matches the selection (${…}). Variants: ${…}	prop(text)	registerComponentTools	1	K-TEXT	report, label, log or error text
src/tools/flutter/components/component-tool.ts	template	Node "${…}" is a FRAME. If this should be treated as a component, set userDefinedComponent: true. For analyzing top-level frames, use the analyze_frame_as_scree	prop(text)	registerComponentTools	1	K-TEXT	report, label, log or error text
src/tools/flutter/components/component-tool.ts	template	Node "${…}" is a FRAME. If this should be treated as a component, set userDefinedComponent: true. For inspecting top-level frames, use the inspect_frame_structu	prop(text)	registerComponentTools	1	K-TEXT	report, label, log or error text
src/tools/flutter/components/component-tool.ts	template	Node "${…}" is not a component (type: ${…}). For analyzing top-level frames, use the analyze_frame_as_screen tool instead.	prop(text)	registerComponentTools	1	K-TEXT	report, label, log or error text
src/tools/flutter/components/component-tool.ts	template	Node "${…}" is not a component (type: ${…}). For inspecting top-level frames, use the inspect_frame_structure tool instead.	prop(text)	registerComponentTools	1	K-TEXT	report, label, log or error text
src/tools/flutter/components/component-tool.ts	template	Node "${…}" is not a component set (type: ${…}). This tool is only for component sets with variants.	prop(text)	registerComponentTools	1	K-TEXT	rule: report/log/approximation text, no design fact
src/tools/flutter/components/component-tool.ts	template	Variant: ${…}${…}\n${…}\n${…}	ternary	registerComponentTools	1	K-TEXT	report, label, log or error text
src/tools/flutter/components/component-tool.ts	template	\n	binary(+)	registerComponentTools	1	K-TEXT	report, label, log or error text
src/tools/flutter/components/component-tool.ts	template	\nAsset Export Warning: ${…}\n	binary(=)	registerComponentTools	1	K-TEXT	rule: report/log/approximation text, no design fact
src/tools/flutter/components/component-tool.ts	template	final ${…} = ${…};\n\n	binary(+=)	registerComponentTools	1	K-DART	rule: Dart syntax template carrying no design value
src/tools/flutter/components/component-tool.ts	template	🎯 Component Analysis Started:	arg(Logger.info)	registerComponentTools	1	K-TEXT	rule: report/log/approximation text, no design fact
src/tools/flutter/components/component-tool.ts	template	📊 Deduplication analysis complete:	arg(Logger.info)	registerComponentTools	1	K-TEXT	rule: report/log/approximation text, no design fact
src/tools/flutter/components/component-tool.ts	template	🔧 Using enhanced deduplication for component analysis	arg(Logger.info)	registerComponentTools	1	K-TEXT	rule: report/log/approximation text, no design fact
src/tools/flutter/components/deduplicated-helpers.ts	number	-1	ternary	positioned	1	K-CONV	hand-reviewed: Alignment x = 2*offset/(frame-size) - 1 (Flutter Alignment -1..1)
src/tools/flutter/components/deduplicated-helpers.ts	number	-1	var(alignment)	positioned	1	K-CONV	hand-reviewed: Alignment -1 = start
src/tools/flutter/components/deduplicated-helpers.ts	number	0	arg(Math.max)	overflowsMax	1	K-CONV	hand-reviewed ??-fallback: no itemSpacing = 0 gap; no padding = 0
src/tools/flutter/components/deduplicated-helpers.ts	number	0	arg(allStyles.reduce)	generateComprehensiveDeduplicatedReport	1	K-CONV	rule: 0/1/-1/2 identity, index, count, halving or Alignment -1..1 math
src/tools/flutter/components/deduplicated-helpers.ts	number	0	arg(children.reduce)	overflowsMax	1	K-CONV	hand-reviewed ??-fallback: no itemSpacing = 0 gap; no padding = 0
src/tools/flutter/components/deduplicated-helpers.ts	number	0	arg(implementation.slice)	generateFlutterImplementation	1	K-CONV	hand-reviewed: size > 0 = measured size present
src/tools/flutter/components/deduplicated-helpers.ts	number	0	binary(<)	flexWidget	1	K-CONV	hand-reviewed: negative gap test
src/tools/flutter/components/deduplicated-helpers.ts	number	0	binary(=)	positioned	3	K-CONV	hand-reviewed: Alignment 0 = centre
src/tools/flutter/components/deduplicated-helpers.ts	number	0	binary(===)	childWidget	1	K-CONV	rule: 0/1/-1/2 identity, index, count, halving or Alignment -1..1 math
src/tools/flutter/components/deduplicated-helpers.ts	number	0	binary(>)	axisSize	1	K-CONV	hand-reviewed: size > 0 = measured size present
src/tools/flutter/components/deduplicated-helpers.ts	number	0	binary(>)	borderRadius	3	K-CONV	hand-reviewed: radius > 0 = rounded
src/tools/flutter/components/deduplicated-helpers.ts	number	0	binary(>)	fillLayerChild	1	K-CONV	index, count, midpoint or identity element
src/tools/flutter/components/deduplicated-helpers.ts	number	0	binary(>)	generateComprehensiveDeduplicatedReport	6	K-CONV	rule: 0/1/-1/2 identity, index, count, halving or Alignment -1..1 math
src/tools/flutter/components/deduplicated-helpers.ts	number	0	binary(>)	generateDeduplicatedReport	4	K-CONV	rule: 0/1/-1/2 identity, index, count, halving or Alignment -1..1 math
src/tools/flutter/components/deduplicated-helpers.ts	number	0	binary(>)	generateFlutterImplementation	4	K-CONV	hand-reviewed: size > 0 = measured size present
src/tools/flutter/components/deduplicated-helpers.ts	number	0	binary(??)	flexWidget	1	K-CONV	hand-reviewed ??-fallback: no itemSpacing = 0 gap
src/tools/flutter/components/deduplicated-helpers.ts	number	0	binary(??)	overflowsMax	1	K-CONV	hand-reviewed ??-fallback: no itemSpacing = 0 gap; no padding = 0
src/tools/flutter/components/deduplicated-helpers.ts	number	0	binary(||)	dartNumber	1	K-CONV	hand-reviewed: || 0 turns -0/NaN into 0
src/tools/flutter/components/deduplicated-helpers.ts	number	0	binary(||)	generateComprehensiveDeduplicatedReport	1	K-CONV	rule: 0/1/-1/2 identity, index, count, halving or Alignment -1..1 math
src/tools/flutter/components/deduplicated-helpers.ts	number	0	prop(x)	positioned	2	K-CONV	positioned child: a missing origin reads as zero; ticket 11 left it in place
src/tools/flutter/components/deduplicated-helpers.ts	number	0	prop(y)	positioned	2	K-CONV	positioned child: a missing origin reads as zero; ticket 11 left it in place
src/tools/flutter/components/deduplicated-helpers.ts	number	0	ternary	overflowsMax	1	K-CONV	hand-reviewed: no padding = 0
src/tools/flutter/components/deduplicated-helpers.ts	number	0	var(gap)	flexWidget	1	K-CONV	rule: 0/1/-1/2 identity, index, count, halving or Alignment -1..1 math
src/tools/flutter/components/deduplicated-helpers.ts	number	1	arg(yles.length) / totalUsage * 100).toFixed)	generateComprehensiveDeduplicatedReport	1	K-TEXT	rule: display precision of a report percentage
src/tools/flutter/components/deduplicated-helpers.ts	number	1	binary(+)	generateComprehensiveDeduplicatedReport	3	K-CONV	rule: 0/1/-1/2 identity, index, count, halving or Alignment -1..1 math
src/tools/flutter/components/deduplicated-helpers.ts	number	1	binary(+)	generateDeduplicatedReport	1	K-CONV	rule: 0/1/-1/2 identity, index, count, halving or Alignment -1..1 math
src/tools/flutter/components/deduplicated-helpers.ts	number	1	binary(-)	overflowsMax	1	K-CONV	hand-reviewed ??-fallback: no itemSpacing = 0 gap; no padding = 0
src/tools/flutter/components/deduplicated-helpers.ts	number	1	binary(-)	positioned	1	K-CONV	hand-reviewed: Alignment x = 2*offset/(frame-size) - 1 (Flutter Alignment -1..1)
src/tools/flutter/components/deduplicated-helpers.ts	number	1	binary(>)	flexWidget	1	K-CONV	hand-reviewed: more than one FILL sibling (count)
src/tools/flutter/components/deduplicated-helpers.ts	number	100	binary(*)	generateComprehensiveDeduplicatedReport	1	K-CONV	rule: percent
src/tools/flutter/components/deduplicated-helpers.ts	number	2	arg(indentTail)	childWidget	1	K-DART	rule: indentation of emitted Dart
src/tools/flutter/components/deduplicated-helpers.ts	number	2	arg(indentTail)	clipStack	1	K-DART	rule: indentation of emitted Dart
src/tools/flutter/components/deduplicated-helpers.ts	number	2	arg(indentTail)	constrained	1	K-DART	rule: indentation of emitted Dart
src/tools/flutter/components/deduplicated-helpers.ts	number	2	arg(indentTail)	fillCrossAxis	1	K-DART	rule: indentation of emitted Dart
src/tools/flutter/components/deduplicated-helpers.ts	number	2	arg(indentTail)	fillLayerChild	1	K-DART	indent width of emitted Dart
src/tools/flutter/components/deduplicated-helpers.ts	number	2	arg(indentTail)	flexWidget	3	K-DART	rule: indentation of emitted Dart
src/tools/flutter/components/deduplicated-helpers.ts	number	2	arg(indentTail)	generateFlutterImplementation	2	K-DART	rule: indentation of emitted Dart
src/tools/flutter/components/deduplicated-helpers.ts	number	2	arg(indentTail)	layoutWidget	1	K-DART	rule: indentation of emitted Dart
src/tools/flutter/components/deduplicated-helpers.ts	number	2	arg(indentTail)	overflowLayout	1	K-DART	rule: indentation of emitted Dart
src/tools/flutter/components/deduplicated-helpers.ts	number	2	arg(indentTail)	positioned	4	K-DART	rule: indentation of emitted Dart
src/tools/flutter/components/deduplicated-helpers.ts	number	2	arg(indentTail)	wrapForMainAxisSizing	1	K-DART	rule: indentation of emitted Dart
src/tools/flutter/components/deduplicated-helpers.ts	number	2	binary(*)	positioned	1	K-CONV	hand-reviewed: Alignment x = 2*offset/(frame-size) - 1 (Flutter Alignment -1..1)
src/tools/flutter/components/deduplicated-helpers.ts	number	2	binary(/)	positioned	2	K-CONV	rule: 0/1/-1/2 identity, index, count, halving or Alignment -1..1 math
src/tools/flutter/components/deduplicated-helpers.ts	number	4	arg(indentAll)	clipStack	1	K-DART	rule: indentation of emitted Dart
src/tools/flutter/components/deduplicated-helpers.ts	number	4	arg(indentAll)	flexWidget	1	K-DART	rule: indentation of emitted Dart
src/tools/flutter/components/deduplicated-helpers.ts	number	4	arg(indentTail)	generateFlutterImplementation	1	K-DART	rule: indentation of emitted Dart
src/tools/flutter/components/deduplicated-helpers.ts	number	60	arg('='.repeat)	generateComprehensiveDeduplicatedReport	1	K-TEXT	rule: separator width in report text
src/tools/flutter/components/deduplicated-helpers.ts	regex	/,$/	arg(prop.replace)	sizedBox	1	K-DART	rule: Dart identifier / emitted-code text munging
src/tools/flutter/components/deduplicated-helpers.ts	regex	/[.*+?^${}()|[\]\\]/g	arg(widgetName.replace)	generateFlutterImplementation	1	K-SCHEMA	sanitising or parsing regex
src/tools/flutter/components/deduplicated-helpers.ts	regex	/[\r\n]+/g	arg(note.replace)	approximate	1	K-TEXT	rule: strip line breaks from a comment
src/tools/flutter/components/deduplicated-helpers.ts	string		arg(approximate)	flexWidget	1	K-TEXT	rule: separator/whitespace/padding char
src/tools/flutter/components/deduplicated-helpers.ts	string		arg(args.map(arg => `  ${arg}\n`).join)	multiChild	1	K-TEXT	rule: separator/whitespace/padding char
src/tools/flutter/components/deduplicated-helpers.ts	string		arg(formatInteractions)	generateComprehensiveDeduplicatedReport	1	K-TEXT	rule: separator/whitespace/padding char
src/tools/flutter/components/deduplicated-helpers.ts	string		arg(imations.map(note => `- ${note}\n`).join)	generateFlutterImplementation	1	K-TEXT	rule: separator/whitespace/padding char
src/tools/flutter/components/deduplicated-helpers.ts	string		arg(item => `${indentAll(item, 4)},\n`).join)	clipStack	1	K-TEXT	rule: separator/whitespace/padding char
src/tools/flutter/components/deduplicated-helpers.ts	string		arg(prop.replace)	sizedBox	1	K-TEXT	rule: separator/whitespace/padding char
src/tools/flutter/components/deduplicated-helpers.ts	string		arg(props.map(prop => `  ${prop}\n`).join)	box	1	K-TEXT	rule: separator/whitespace/padding char
src/tools/flutter/components/deduplicated-helpers.ts	string		arg(roximate(note, '', approximations)).join)	flexWidget	1	K-TEXT	rule: separator/whitespace/padding char
src/tools/flutter/components/deduplicated-helpers.ts	string		return	borderRadius	1	K-TEXT	hand-reviewed: radius > 0 = rounded
src/tools/flutter/components/deduplicated-helpers.ts	string		ternary	axisSize	1	K-TEXT	hand-reviewed: size > 0 = measured size present
src/tools/flutter/components/deduplicated-helpers.ts	string		ternary	borderRadius	2	K-TEXT	hand-reviewed: radius > 0 = rounded
src/tools/flutter/components/deduplicated-helpers.ts	string		ternary	boxConstraints	1	K-TEXT	rule: separator/whitespace/padding char
src/tools/flutter/components/deduplicated-helpers.ts	string		ternary	childWidget	2	K-TEXT	rule: separator/whitespace/padding char
src/tools/flutter/components/deduplicated-helpers.ts	string		ternary	clipStack	1	K-TEXT	rule: separator/whitespace/padding char
src/tools/flutter/components/deduplicated-helpers.ts	string		ternary	flexWidget	1	K-TEXT	rule: separator/whitespace/padding char
src/tools/flutter/components/deduplicated-helpers.ts	string	 	PropertyAccessExpression	indentAll	1	K-TEXT	rule: separator/whitespace/padding char
src/tools/flutter/components/deduplicated-helpers.ts	string	 	arg(note.replace)	approximate	1	K-TEXT	rule: separator/whitespace/padding char
src/tools/flutter/components/deduplicated-helpers.ts	string	      	arg(formatInteractions)	generateComprehensiveDeduplicatedReport	1	K-TEXT	report, label, log or error text
src/tools/flutter/components/deduplicated-helpers.ts	string	      	arg(formatNestedInteractions)	generateComprehensiveDeduplicatedReport	1	K-TEXT	report, label, log or error text
src/tools/flutter/components/deduplicated-helpers.ts	string	      📐 	arg(formatSizingAlignment)	generateComprehensiveDeduplicatedReport	1	K-TEXT	rule: user-facing/log text, no design fact
src/tools/flutter/components/deduplicated-helpers.ts	string	   • 	arg(formatSizingAlignment)	generateComprehensiveDeduplicatedReport	1	K-TEXT	rule: user-facing/log text, no design fact
src/tools/flutter/components/deduplicated-helpers.ts	string	, 	arg(Object.keys(definition.properties).join)	generateComprehensiveDeduplicatedReport	1	K-TEXT	rule: separator/whitespace/padding char
src/tools/flutter/components/deduplicated-helpers.ts	string	, 	arg(align.map(dartNumber).join)	positioned	1	K-TEXT	rule: separator/whitespace/padding char
src/tools/flutter/components/deduplicated-helpers.ts	string	, 	arg(child.styleRefs.join)	generateComprehensiveDeduplicatedReport	1	K-TEXT	rule: separator/whitespace/padding char
src/tools/flutter/components/deduplicated-helpers.ts	string	, 	arg(child.styleRefs.join)	generateDeduplicatedReport	1	K-TEXT	rule: separator/whitespace/padding char
src/tools/flutter/components/deduplicated-helpers.ts	string	, 	arg(corners.join)	borderRadius	1	K-TEXT	rule: separator/whitespace/padding char
src/tools/flutter/components/deduplicated-helpers.ts	string	, 	arg(map(prop => prop.replace(/,$/, '')).join)	sizedBox	1	K-TEXT	rule: separator/whitespace/padding char
src/tools/flutter/components/deduplicated-helpers.ts	string	, 	arg(parts.join)	boxConstraints	1	K-TEXT	rule: separator/whitespace/padding char
src/tools/flutter/components/deduplicated-helpers.ts	string	=	PropertyAccessExpression	generateComprehensiveDeduplicatedReport	1	K-TEXT	rule: separator/whitespace/padding char
src/tools/flutter/components/deduplicated-helpers.ts	string	ABSOLUTE	binary(===)	layoutWidget	1	K-API	rule: Figma REST enum value
src/tools/flutter/components/deduplicated-helpers.ts	string	ABSOLUTE	binary(===)	paddingInsideStack	1	K-API	rule: Figma REST enum value
src/tools/flutter/components/deduplicated-helpers.ts	string	Align	arg(box)	positioned	1	K-DART	rule: Flutter identifier in emitted code
src/tools/flutter/components/deduplicated-helpers.ts	string	Axis.horizontal	ternary	overflowLayout	1	K-DART	rule: Flutter identifier in emitted code
src/tools/flutter/components/deduplicated-helpers.ts	string	Axis.vertical	ternary	overflowLayout	1	K-DART	rule: Flutter identifier in emitted code
src/tools/flutter/components/deduplicated-helpers.ts	string	BASELINE	binary(===)	flexWidget	1	K-API	rule: Figma REST enum value
src/tools/flutter/components/deduplicated-helpers.ts	string	BOOLEAN_OPERATION	array	BOUNDING_BOX_TYPES	1	K-API	rule: Figma REST enum value
src/tools/flutter/components/deduplicated-helpers.ts	string	BOTTOM	binary(===)	positioned	1	K-API	rule: Figma REST enum value
src/tools/flutter/components/deduplicated-helpers.ts	string	CENTER	binary(===)	positioned	2	K-API	rule: Figma REST enum value
src/tools/flutter/components/deduplicated-helpers.ts	string	ClipRRect	arg(box)	clipStack	1	K-DART	rule: Flutter identifier in emitted code
src/tools/flutter/components/deduplicated-helpers.ts	string	Column	ternary	flexWidget	1	K-DART	rule: Flutter identifier in emitted code
src/tools/flutter/components/deduplicated-helpers.ts	string	ConstrainedBox	arg(box)	constrained	1	K-DART	rule: Flutter identifier in emitted code
src/tools/flutter/components/deduplicated-helpers.ts	string	Container	arg(box)	childWidget	2	K-DART	rule: Flutter identifier in emitted code
src/tools/flutter/components/deduplicated-helpers.ts	string	Container	arg(box)	generateFlutterImplementation	1	K-DART	rule: Flutter identifier in emitted code
src/tools/flutter/components/deduplicated-helpers.ts	string	Container	ternary	childWidget	1	K-DART	rule: Flutter identifier in emitted code
src/tools/flutter/components/deduplicated-helpers.ts	string	FILL	binary(!==)	axisSize	1	K-API	hand-reviewed: size > 0 = measured size present
src/tools/flutter/components/deduplicated-helpers.ts	string	FILL	binary(!==)	fillCrossAxis	1	K-API	rule: Figma REST enum value
src/tools/flutter/components/deduplicated-helpers.ts	string	FILL	binary(!==)	flexWidget	1	K-API	rule: Figma REST enum value
src/tools/flutter/components/deduplicated-helpers.ts	string	FILL	binary(!==)	generateFlutterImplementation	1	K-API	rule: Figma REST enum value
src/tools/flutter/components/deduplicated-helpers.ts	string	FILL	binary(!==)	wrapForMainAxisSizing	1	K-API	rule: Figma REST enum value
src/tools/flutter/components/deduplicated-helpers.ts	string	FILL	binary(===)	childWidget	2	K-API	rule: Figma REST enum value
src/tools/flutter/components/deduplicated-helpers.ts	string	FILL	binary(===)	flexWidget	3	K-API	rule: Figma REST enum value
src/tools/flutter/components/deduplicated-helpers.ts	string	FILL	binary(===)	generateFlutterImplementation	1	K-API	rule: Figma REST enum value
src/tools/flutter/components/deduplicated-helpers.ts	string	FIXED	AsExpression	flexWidget	2	K-API	rule: Figma REST enum value
src/tools/flutter/components/deduplicated-helpers.ts	string	FIXED	binary(===)	childWidget	1	K-API	rule: Figma REST enum value
src/tools/flutter/components/deduplicated-helpers.ts	string	Flexible	arg(box)	flexWidget	1	K-DART	rule: Flutter identifier in emitted code
src/tools/flutter/components/deduplicated-helpers.ts	string	FractionallySizedBox	arg(box)	positioned	1	K-DART	rule: Flutter identifier in emitted code
src/tools/flutter/components/deduplicated-helpers.ts	string	GRID	binary(===)	layoutWidget	1	K-API	Figma REST enum value
src/tools/flutter/components/deduplicated-helpers.ts	string	GRID auto layout placed by its children's Figma positions	arg(approximate)	layoutWidget	1	K-TEXT	report, label, log or error text
src/tools/flutter/components/deduplicated-helpers.ts	string	GROUP	binary(===)	layoutWidget	1	K-API	rule: Figma REST enum value
src/tools/flutter/components/deduplicated-helpers.ts	string	HUG	binary(!==)	axisSize	1	K-API	hand-reviewed: size > 0 = measured size present
src/tools/flutter/components/deduplicated-helpers.ts	string	HUG	binary(!==)	flexWidget	1	K-API	rule: Figma REST enum value
src/tools/flutter/components/deduplicated-helpers.ts	string	HUG	binary(!==)	overflowsMax	1	K-API	rule: Figma REST enum value
src/tools/flutter/components/deduplicated-helpers.ts	string	HUG	binary(===)	flexWidget	3	K-API	rule: Figma REST enum value
src/tools/flutter/components/deduplicated-helpers.ts	string	HUG	binary(===)	hugLimits	1	K-API	rule: Figma REST enum value
src/tools/flutter/components/deduplicated-helpers.ts	string	Horizontal sizing	prop(horizontal)	generateComprehensiveDeduplicatedReport	2	K-TEXT	rule: user-facing/log text, no design fact
src/tools/flutter/components/deduplicated-helpers.ts	string	IntrinsicHeight	ternary	flexWidget	1	K-DART	rule: Flutter identifier in emitted code
src/tools/flutter/components/deduplicated-helpers.ts	string	IntrinsicWidth	ternary	flexWidget	1	K-DART	rule: Flutter identifier in emitted code
src/tools/flutter/components/deduplicated-helpers.ts	string	LEFT	binary(??)	positioned	1	K-API	Figma constraints: an absent horizontal constraint means LEFT
src/tools/flutter/components/deduplicated-helpers.ts	string	LEFT_RIGHT	binary(===)	positioned	1	K-API	rule: Figma REST enum value
src/tools/flutter/components/deduplicated-helpers.ts	string	LINE	array	BOUNDING_BOX_TYPES	1	K-API	rule: Figma REST enum value
src/tools/flutter/components/deduplicated-helpers.ts	string	LimitedBox	arg(box)	generateFlutterImplementation	1	K-DART	rule: Flutter identifier in emitted code
src/tools/flutter/components/deduplicated-helpers.ts	string	MIN	binary(??)	flexWidget	2	K-API	hand-reviewed ??-fallback: REST omits primaryAxisAlignItems when MIN (deduplicated-helpers.ts:356)
src/tools/flutter/components/deduplicated-helpers.ts	string	No	ternary	generateComprehensiveDeduplicatedReport	1	K-TEXT	rule: user-facing/log text, no design fact
src/tools/flutter/components/deduplicated-helpers.ts	string	POLYGON	array	BOUNDING_BOX_TYPES	1	K-API	rule: Figma REST enum value
src/tools/flutter/components/deduplicated-helpers.ts	string	Padding	arg(box)	layoutWidget	1	K-DART	rule: Flutter identifier in emitted code
src/tools/flutter/components/deduplicated-helpers.ts	string	Parent alignment	prop(align)	generateComprehensiveDeduplicatedReport	2	K-TEXT	rule: user-facing/log text, no design fact
src/tools/flutter/components/deduplicated-helpers.ts	string	Pass widgetName to generate_flutter_implementation to name the class.	var(NAME_THE_CLASS)	NAME_THE_CLASS	1	K-TEXT	report, label, log or error text
src/tools/flutter/components/deduplicated-helpers.ts	string	Positioned	arg(box)	positioned	1	K-DART	rule: Flutter identifier in emitted code
src/tools/flutter/components/deduplicated-helpers.ts	string	RIGHT	binary(===)	positioned	1	K-API	rule: Figma REST enum value
src/tools/flutter/components/deduplicated-helpers.ts	string	Row	ternary	flexWidget	1	K-DART	rule: Flutter identifier in emitted code
src/tools/flutter/components/deduplicated-helpers.ts	string	SCALE	binary(===)	positioned	2	K-API	rule: Figma REST enum value
src/tools/flutter/components/deduplicated-helpers.ts	string	SPACE_	arg(primary.startsWith)	flexWidget	1	K-API	rule: Figma REST enum value
src/tools/flutter/components/deduplicated-helpers.ts	string	STAR	array	BOUNDING_BOX_TYPES	1	K-API	rule: Figma REST enum value
src/tools/flutter/components/deduplicated-helpers.ts	string	SizedBox	arg(box)	fillCrossAxis	1	K-DART	rule: Flutter identifier in emitted code
src/tools/flutter/components/deduplicated-helpers.ts	string	SizedBox	arg(box)	flexWidget	1	K-DART	rule: Flutter identifier in emitted code
src/tools/flutter/components/deduplicated-helpers.ts	string	SizedBox	arg(box)	positioned	1	K-DART	rule: Flutter identifier in emitted code
src/tools/flutter/components/deduplicated-helpers.ts	string	SizedBox	ternary	childWidget	1	K-DART	rule: Flutter identifier in emitted code
src/tools/flutter/components/deduplicated-helpers.ts	string	Stack	arg(multiChild)	clipStack	1	K-DART	rule: Flutter identifier in emitted code
src/tools/flutter/components/deduplicated-helpers.ts	string	TEXT	binary(!==)	flexWidget	1	K-API	rule: Figma REST enum value
src/tools/flutter/components/deduplicated-helpers.ts	string	TEXT	binary(===)	childWidget	1	K-API	rule: Figma REST enum value
src/tools/flutter/components/deduplicated-helpers.ts	string	TOP	binary(??)	positioned	1	K-API	Figma constraints: an absent vertical constraint means TOP
src/tools/flutter/components/deduplicated-helpers.ts	string	TOP_BOTTOM	binary(===)	positioned	1	K-API	rule: Figma REST enum value
src/tools/flutter/components/deduplicated-helpers.ts	string	UnconstrainedBox	arg(box)	overflowLayout	1	K-DART	rule: Flutter identifier in emitted code
src/tools/flutter/components/deduplicated-helpers.ts	string	Vertical sizing	prop(vertical)	generateComprehensiveDeduplicatedReport	2	K-TEXT	rule: user-facing/log text, no design fact
src/tools/flutter/components/deduplicated-helpers.ts	string	Yes	ternary	generateComprehensiveDeduplicatedReport	1	K-TEXT	rule: user-facing/log text, no design fact
src/tools/flutter/components/deduplicated-helpers.ts	string	\$&	arg(widgetName.replace)	generateFlutterImplementation	1	K-SCHEMA	regex replacement token
src/tools/flutter/components/deduplicated-helpers.ts	string	\n	arg(code.split)	indentAll	1	K-TEXT	rule: separator/whitespace/padding char
src/tools/flutter/components/deduplicated-helpers.ts	string	\n	arg(split('\n').map(line => pad + line).join)	indentAll	1	K-TEXT	rule: separator/whitespace/padding char
src/tools/flutter/components/deduplicated-helpers.ts	string	alignment: AlignmentDirectional.topStart,	array-arg(box)	overflowLayout	1	K-DART	emitted Dart code
src/tools/flutter/components/deduplicated-helpers.ts	string	baseline	prop(BASELINE)	CROSS_AXIS_ALIGNMENT	1	K-DART	rule: Flutter identifier in emitted code
src/tools/flutter/components/deduplicated-helpers.ts	string	bottom	array	positioned	1	K-DART	rule: Flutter identifier in emitted code
src/tools/flutter/components/deduplicated-helpers.ts	string	bottom	prop(end)	positioned	1	K-DART	rule: Flutter identifier in emitted code
src/tools/flutter/components/deduplicated-helpers.ts	string	bottomLeft	array	borderRadius	1	K-DART	rule: Flutter identifier in emitted code
src/tools/flutter/components/deduplicated-helpers.ts	string	bottomRight	array	borderRadius	1	K-DART	rule: Flutter identifier in emitted code
src/tools/flutter/components/deduplicated-helpers.ts	string	center	prop(CENTER)	MAIN_AXIS_ALIGNMENT	1	K-DART	rule: Flutter identifier in emitted code
src/tools/flutter/components/deduplicated-helpers.ts	string	clipBehavior: Clip.hardEdge,	array-arg(box)	overflowLayout	1	K-DART	rule: Flutter identifier in emitted code
src/tools/flutter/components/deduplicated-helpers.ts	string	clipBehavior: Clip.none,	array	clipStack	1	K-DART	rule: Flutter identifier in emitted code
src/tools/flutter/components/deduplicated-helpers.ts	string	decoration	arg(styleOf)	childWidget	1	K-SCHEMA	rule: value of our own analysis/style-category schema
src/tools/flutter/components/deduplicated-helpers.ts	string	end	prop(MAX)	CROSS_AXIS_ALIGNMENT	1	K-DART	rule: Flutter identifier in emitted code
src/tools/flutter/components/deduplicated-helpers.ts	string	end	prop(MAX)	MAIN_AXIS_ALIGNMENT	1	K-DART	rule: Flutter identifier in emitted code
src/tools/flutter/components/deduplicated-helpers.ts	string	fit: StackFit.passthrough,	array-arg(clipStack)	layoutWidget	1	K-DART	rule: Flutter identifier in emitted code
src/tools/flutter/components/deduplicated-helpers.ts	string	height	arg(axisSize)	fixedSizeProps	1	K-DART	rule: Flutter identifier in emitted code
src/tools/flutter/components/deduplicated-helpers.ts	string	height	array	generateFlutterImplementation	2	K-DART	rule: Flutter identifier in emitted code
src/tools/flutter/components/deduplicated-helpers.ts	string	height	array	hugLimits	1	K-DART	rule: Flutter identifier in emitted code
src/tools/flutter/components/deduplicated-helpers.ts	string	height	array	positioned	1	K-DART	rule: Flutter identifier in emitted code
src/tools/flutter/components/deduplicated-helpers.ts	string	height	prop(name)	positioned	1	K-DART	rule: Flutter identifier in emitted code
src/tools/flutter/components/deduplicated-helpers.ts	string	height	ternary	fillCrossAxis	1	K-DART	rule: Flutter identifier in emitted code
src/tools/flutter/components/deduplicated-helpers.ts	string	height	ternary	flexWidget	3	K-DART	rule: Flutter identifier in emitted code
src/tools/flutter/components/deduplicated-helpers.ts	string	height	ternary	overflowLayout	1	K-DART	rule: Flutter identifier in emitted code
src/tools/flutter/components/deduplicated-helpers.ts	string	height	ternary	overflowsMax	1	K-DART	rule: Flutter identifier in emitted code
src/tools/flutter/components/deduplicated-helpers.ts	string	horizontal	binary(===)	fillCrossAxis	1	K-SCHEMA	rule: value of our own analysis/style-category schema
src/tools/flutter/components/deduplicated-helpers.ts	string	horizontal	binary(===)	flexWidget	6	K-SCHEMA	rule: value of our own analysis/style-category schema
src/tools/flutter/components/deduplicated-helpers.ts	string	horizontal	binary(===)	overflowLayout	2	K-SCHEMA	rule: value of our own analysis/style-category schema
src/tools/flutter/components/deduplicated-helpers.ts	string	horizontal	binary(===)	overflowsMax	1	K-SCHEMA	rule: value of our own analysis/style-category schema
src/tools/flutter/components/deduplicated-helpers.ts	string	horizontal	binary(===)	wrapForMainAxisSizing	1	K-SCHEMA	rule: value of our own analysis/style-category schema
src/tools/flutter/components/deduplicated-helpers.ts	string	horizontal	ternary	flexWidget	1	K-SCHEMA	rule: value of our own analysis/style-category schema
src/tools/flutter/components/deduplicated-helpers.ts	string	left	array	positioned	1	K-DART	rule: Flutter identifier in emitted code
src/tools/flutter/components/deduplicated-helpers.ts	string	left	prop(start)	positioned	1	K-DART	rule: Flutter identifier in emitted code
src/tools/flutter/components/deduplicated-helpers.ts	string	mainAxisSize: MainAxisSize.min,	arg(args.push)	flexWidget	1	K-DART	rule: Flutter identifier in emitted code
src/tools/flutter/components/deduplicated-helpers.ts	string	maxHeight	array	generateFlutterImplementation	1	K-DART	rule: Flutter identifier in emitted code
src/tools/flutter/components/deduplicated-helpers.ts	string	maxHeight	prop(height)	MAX_KEY	1	K-DART	rule: Flutter identifier in emitted code
src/tools/flutter/components/deduplicated-helpers.ts	string	maxWidth	array	generateFlutterImplementation	1	K-DART	rule: Flutter identifier in emitted code
src/tools/flutter/components/deduplicated-helpers.ts	string	maxWidth	prop(width)	MAX_KEY	1	K-DART	rule: Flutter identifier in emitted code
src/tools/flutter/components/deduplicated-helpers.ts	string	minHeight	prop(height)	MIN_KEY	1	K-DART	rule: Flutter identifier in emitted code
src/tools/flutter/components/deduplicated-helpers.ts	string	minWidth	prop(width)	MIN_KEY	1	K-DART	rule: Flutter identifier in emitted code
src/tools/flutter/components/deduplicated-helpers.ts	string	number	binary(===)	borderRadius	1	K-API	hand-reviewed: radius > 0 = rounded
src/tools/flutter/components/deduplicated-helpers.ts	string	padding	arg(styleOf)	childWidget	2	K-SCHEMA	rule: value of our own analysis/style-category schema
src/tools/flutter/components/deduplicated-helpers.ts	string	right	array	positioned	1	K-DART	rule: Flutter identifier in emitted code
src/tools/flutter/components/deduplicated-helpers.ts	string	right	prop(end)	positioned	1	K-DART	rule: Flutter identifier in emitted code
src/tools/flutter/components/deduplicated-helpers.ts	string	sizingHorizontal	prop(width)	SIZING_KEY	1	K-SCHEMA	rule: value of our own analysis/style-category schema
src/tools/flutter/components/deduplicated-helpers.ts	string	sizingVertical	prop(height)	SIZING_KEY	1	K-SCHEMA	rule: value of our own analysis/style-category schema
src/tools/flutter/components/deduplicated-helpers.ts	string	spaceAround	prop(SPACE_AROUND)	MAIN_AXIS_ALIGNMENT	1	K-DART	rule: Flutter identifier in emitted code
src/tools/flutter/components/deduplicated-helpers.ts	string	spaceBetween	prop(SPACE_BETWEEN)	MAIN_AXIS_ALIGNMENT	1	K-DART	rule: Flutter identifier in emitted code
src/tools/flutter/components/deduplicated-helpers.ts	string	spaceEvenly	prop(SPACE_EVENLY)	MAIN_AXIS_ALIGNMENT	1	K-DART	rule: Flutter identifier in emitted code
src/tools/flutter/components/deduplicated-helpers.ts	string	start	prop(MIN)	CROSS_AXIS_ALIGNMENT	1	K-DART	rule: Flutter identifier in emitted code
src/tools/flutter/components/deduplicated-helpers.ts	string	text	arg(styleOf)	childWidget	1	K-SCHEMA	rule: value of our own analysis/style-category schema
src/tools/flutter/components/deduplicated-helpers.ts	string	textBaseline: TextBaseline.alphabetic,	arg(args.push)	flexWidget	1	F-DEFAULT	baseline alignment default; removed by ticket 16
src/tools/flutter/components/deduplicated-helpers.ts	string	top	array	positioned	1	K-DART	rule: Flutter identifier in emitted code
src/tools/flutter/components/deduplicated-helpers.ts	string	top	prop(start)	positioned	1	K-DART	rule: Flutter identifier in emitted code
src/tools/flutter/components/deduplicated-helpers.ts	string	topLeft	array	borderRadius	1	K-DART	rule: Flutter identifier in emitted code
src/tools/flutter/components/deduplicated-helpers.ts	string	topRight	array	borderRadius	1	K-DART	rule: Flutter identifier in emitted code
src/tools/flutter/components/deduplicated-helpers.ts	string	vertical	ternary	flexWidget	1	K-SCHEMA	rule: value of our own analysis/style-category schema
src/tools/flutter/components/deduplicated-helpers.ts	string	width	arg(axisSize)	fixedSizeProps	1	K-DART	rule: Flutter identifier in emitted code
src/tools/flutter/components/deduplicated-helpers.ts	string	width	array	generateFlutterImplementation	2	K-DART	rule: Flutter identifier in emitted code
src/tools/flutter/components/deduplicated-helpers.ts	string	width	array	hugLimits	1	K-DART	rule: Flutter identifier in emitted code
src/tools/flutter/components/deduplicated-helpers.ts	string	width	array	positioned	1	K-DART	rule: Flutter identifier in emitted code
src/tools/flutter/components/deduplicated-helpers.ts	string	width	binary(===)	overflowsMax	1	K-DART	hand-reviewed: no padding = 0
src/tools/flutter/components/deduplicated-helpers.ts	string	width	prop(name)	positioned	1	K-DART	rule: Flutter identifier in emitted code
src/tools/flutter/components/deduplicated-helpers.ts	string	width	ternary	fillCrossAxis	1	K-DART	rule: Flutter identifier in emitted code
src/tools/flutter/components/deduplicated-helpers.ts	string	width	ternary	flexWidget	3	K-DART	rule: Flutter identifier in emitted code
src/tools/flutter/components/deduplicated-helpers.ts	string	width	ternary	overflowLayout	1	K-DART	rule: Flutter identifier in emitted code
src/tools/flutter/components/deduplicated-helpers.ts	string	width	ternary	overflowsMax	1	K-DART	rule: Flutter identifier in emitted code
src/tools/flutter/components/deduplicated-helpers.ts	template	      🆔 Node ID: ${…}\n	binary(+=)	generateComprehensiveDeduplicatedReport	1	K-TEXT	rule: report/log/approximation text, no design fact
src/tools/flutter/components/deduplicated-helpers.ts	template	      🎨 Style refs: ${…}\n	binary(+=)	generateComprehensiveDeduplicatedReport	1	K-TEXT	rule: report/log/approximation text, no design fact
src/tools/flutter/components/deduplicated-helpers.ts	template	      📐 Size: ${…}×${…}px\n	ternary	generateComprehensiveDeduplicatedReport	1	K-TEXT	rule: report/log/approximation text, no design fact
src/tools/flutter/components/deduplicated-helpers.ts	template	      📐 Size: not set by Figma\n	ternary	generateComprehensiveDeduplicatedReport	1	K-TEXT	report, label, log or error text
src/tools/flutter/components/deduplicated-helpers.ts	template	      📝 Text: "${…}"\n	binary(+=)	generateComprehensiveDeduplicatedReport	1	K-TEXT	rule: report/log/approximation text, no design fact
src/tools/flutter/components/deduplicated-helpers.ts	template	      🔑 Component Key: ${…}\n	binary(+=)	generateComprehensiveDeduplicatedReport	1	K-TEXT	rule: report/log/approximation text, no design fact
src/tools/flutter/components/deduplicated-helpers.ts	template	      🔧 Needs separate analysis: ${…}\n	binary(+=)	generateComprehensiveDeduplicatedReport	1	K-TEXT	rule: report/log/approximation text, no design fact
src/tools/flutter/components/deduplicated-helpers.ts	template	     Properties: ${…}\n	binary(+=)	generateComprehensiveDeduplicatedReport	1	K-TEXT	rule: report/log/approximation text, no design fact
src/tools/flutter/components/deduplicated-helpers.ts	template	     Usage count: ${…}\n	binary(+=)	generateComprehensiveDeduplicatedReport	1	K-TEXT	rule: report/log/approximation text, no design fact
src/tools/flutter/components/deduplicated-helpers.ts	template	    SizedBox(${…}: ${…}),\n	ternary	flexWidget	1	K-DART	rule: Dart syntax template carrying no design value
src/tools/flutter/components/deduplicated-helpers.ts	template	    return ${…};\n	binary(+=)	generateFlutterImplementation	1	K-DART	rule: Dart syntax template carrying no design value
src/tools/flutter/components/deduplicated-helpers.ts	template	   ${…}. ${…} (${…})\n	binary(+=)	generateComprehensiveDeduplicatedReport	1	K-TEXT	report, label, log or error text
src/tools/flutter/components/deduplicated-helpers.ts	template	   ${…}. ${…}\n	binary(+=)	generateComprehensiveDeduplicatedReport	1	K-TEXT	rule: report/log/approximation text, no design fact
src/tools/flutter/components/deduplicated-helpers.ts	template	   Styles: ${…}\n	binary(+=)	generateDeduplicatedReport	1	K-TEXT	rule: report/log/approximation text, no design fact
src/tools/flutter/components/deduplicated-helpers.ts	template	   Text: "${…}"\n	binary(+=)	generateDeduplicatedReport	1	K-TEXT	rule: report/log/approximation text, no design fact
src/tools/flutter/components/deduplicated-helpers.ts	template	   • ${…} (${…})\n	binary(+=)	generateComprehensiveDeduplicatedReport	1	K-TEXT	rule: report/log/approximation text, no design fact
src/tools/flutter/components/deduplicated-helpers.ts	template	   • ${…}: ${…} (style not found)\n	binary(+=)	generateComprehensiveDeduplicatedReport	1	K-TEXT	rule: report/log/approximation text, no design fact
src/tools/flutter/components/deduplicated-helpers.ts	template	   • ${…}: ${…} (used ${…} times)\n	binary(+=)	generateComprehensiveDeduplicatedReport	1	K-TEXT	rule: report/log/approximation text, no design fact
src/tools/flutter/components/deduplicated-helpers.ts	template	   • ${…}: ${…} style(s)\n	binary(+=)	generateComprehensiveDeduplicatedReport	1	K-TEXT	rule: report/log/approximation text, no design fact
src/tools/flutter/components/deduplicated-helpers.ts	template	   • ${…}\n	binary(+=)	generateComprehensiveDeduplicatedReport	1	K-TEXT	report, label, log or error text
src/tools/flutter/components/deduplicated-helpers.ts	template	   • Component Key: ${…}\n	binary(+=)	generateComprehensiveDeduplicatedReport	1	K-TEXT	rule: report/log/approximation text, no design fact
src/tools/flutter/components/deduplicated-helpers.ts	template	   • Deduplication efficiency: ${…}% reduction\n	binary(+=)	generateComprehensiveDeduplicatedReport	1	K-TEXT	rule: report/log/approximation text, no design fact
src/tools/flutter/components/deduplicated-helpers.ts	template	   • Name: ${…}\n	binary(+=)	generateComprehensiveDeduplicatedReport	1	K-TEXT	rule: report/log/approximation text, no design fact
src/tools/flutter/components/deduplicated-helpers.ts	template	   • Node ID: ${…}\n	binary(+=)	generateComprehensiveDeduplicatedReport	1	K-TEXT	rule: report/log/approximation text, no design fact
src/tools/flutter/components/deduplicated-helpers.ts	template	   • Size: ${…}×${…}px\n	ternary	generateComprehensiveDeduplicatedReport	1	K-TEXT	rule: report/log/approximation text, no design fact
src/tools/flutter/components/deduplicated-helpers.ts	template	   • Size: not set by Figma\n	ternary	generateComprehensiveDeduplicatedReport	1	K-TEXT	report, label, log or error text
src/tools/flutter/components/deduplicated-helpers.ts	template	   • Total style usage: ${…}\n	binary(+=)	generateComprehensiveDeduplicatedReport	1	K-TEXT	rule: report/log/approximation text, no design fact
src/tools/flutter/components/deduplicated-helpers.ts	template	   • Total unique styles: ${…}\n	binary(+=)	generateComprehensiveDeduplicatedReport	1	K-TEXT	rule: report/log/approximation text, no design fact
src/tools/flutter/components/deduplicated-helpers.ts	template	   • Type: ${…}\n	binary(+=)	generateComprehensiveDeduplicatedReport	1	K-TEXT	rule: report/log/approximation text, no design fact
src/tools/flutter/components/deduplicated-helpers.ts	template	   • Use 'generate_flutter_implementation' tool for complete Flutter code\n\n	binary(+=)	generateComprehensiveDeduplicatedReport	1	K-TEXT	rule: report/log/approximation text, no design fact
src/tools/flutter/components/deduplicated-helpers.ts	template	  ${…}\n	ArrowFunction	box	1	K-DART	rule: Dart syntax template carrying no design value
src/tools/flutter/components/deduplicated-helpers.ts	template	  ${…}\n	ArrowFunction	multiChild	1	K-DART	rule: Dart syntax template carrying no design value
src/tools/flutter/components/deduplicated-helpers.ts	template	  @override\n	binary(+=)	generateFlutterImplementation	1	K-DART	rule: Dart syntax template carrying no design value
src/tools/flutter/components/deduplicated-helpers.ts	template	  Widget build(BuildContext context) {\n	binary(+=)	generateFlutterImplementation	1	K-DART	rule: Dart syntax template carrying no design value
src/tools/flutter/components/deduplicated-helpers.ts	template	  const ${…}({Key? key}) : super(key: key);\n\n	binary(+=)	generateFlutterImplementation	1	K-DART	rule: Dart syntax template carrying no design value
src/tools/flutter/components/deduplicated-helpers.ts	template	  }\n	binary(+=)	generateFlutterImplementation	1	K-DART	rule: Dart syntax template carrying no design value
src/tools/flutter/components/deduplicated-helpers.ts	template	"${…}" (${…}) is drawn as its bounding box	arg(approximate)	childWidget	1	K-TEXT	report, label, log or error text
src/tools/flutter/components/deduplicated-helpers.ts	template	"${…}" aligns to the text baseline; its non-text children sit at the top	arg(notes.push)	flexWidget	1	K-TEXT	report, label, log or error text
src/tools/flutter/components/deduplicated-helpers.ts	template	"${…}" has a min ${…} of ${…}; it can shrink below it when the parent is narrower	arg(notes.push)	flexWidget	1	K-TEXT	report, label, log or error text
src/tools/flutter/components/deduplicated-helpers.ts	template	"${…}" has a negative gap (${…}); the overlap is not reproduced	arg(notes.push)	flexWidget	1	K-TEXT	report, label, log or error text
src/tools/flutter/components/deduplicated-helpers.ts	template	"${…}" has counter-axis alignment ${…}; center is used	arg(notes.push)	flexWidget	1	K-TEXT	report, label, log or error text
src/tools/flutter/components/deduplicated-helpers.ts	template	"${…}" has primary-axis alignment ${…}; start is used	arg(notes.push)	flexWidget	1	K-TEXT	report, label, log or error text
src/tools/flutter/components/deduplicated-helpers.ts	template	"${…}" is absolute between flow children of "${…}"; it is painted in front of them	arg(approximate)	layoutWidget	1	K-TEXT	report, label, log or error text
src/tools/flutter/components/deduplicated-helpers.ts	template	"${…}" is clamped beside other FILL siblings; it keeps its Figma ${…} ${…}	arg(notes.push)	flexWidget	1	K-TEXT	report, label, log or error text
src/tools/flutter/components/deduplicated-helpers.ts	template	"${…}" is deeper than ${…} levels; its children are not rendered	arg(approximate)	childWidget	1	K-TEXT	report, label, log or error text
src/tools/flutter/components/deduplicated-helpers.ts	template	"${…}" is rotated; it is placed by its bounding box	arg(approximate)	positioned	1	K-TEXT	report, label, log or error text
src/tools/flutter/components/deduplicated-helpers.ts	template	"${…}" shows its children past its max ${…} in Figma; they are clipped here	arg(approximate)	overflowLayout	1	K-TEXT	report, label, log or error text
src/tools/flutter/components/deduplicated-helpers.ts	template	${…}${…}	return	flexWidget	1	K-DART	rule: Dart syntax template carrying no design value
src/tools/flutter/components/deduplicated-helpers.ts	template	${…}(\n${…}  children: [\n${…}  ],\n)	return	multiChild	1	K-DART	rule: Dart syntax template carrying no design value
src/tools/flutter/components/deduplicated-helpers.ts	template	${…}(\n${…})	return	box	1	K-DART	rule: Dart syntax template carrying no design value
src/tools/flutter/components/deduplicated-helpers.ts	template	${…},\n	ArrowFunction	clipStack	1	K-DART	rule: Dart syntax template carrying no design value
src/tools/flutter/components/deduplicated-helpers.ts	template	${…},\n	binary(&&)	flexWidget	1	K-DART	rule: Dart syntax template carrying no design value
src/tools/flutter/components/deduplicated-helpers.ts	template	${…}. ${…} (${…})\n	binary(+=)	generateDeduplicatedReport	1	K-API	file path or request key composition
src/tools/flutter/components/deduplicated-helpers.ts	template	${…}: ${…}	ArrowFunction	boxConstraints	1	K-DART	rule: Dart syntax template carrying no design value
src/tools/flutter/components/deduplicated-helpers.ts	template	${…}: ${…} style\n	binary(+=)	generateDeduplicatedReport	1	K-TEXT	rule: report/log/approximation text, no design fact
src/tools/flutter/components/deduplicated-helpers.ts	template	${…}: ${…},	ArrowFunction	positioned	2	K-DART	rule: Dart syntax template carrying no design value
src/tools/flutter/components/deduplicated-helpers.ts	template	${…}: ${…},	arg(boxSizes.push)	positioned	1	K-DART	rule: Dart syntax template carrying no design value
src/tools/flutter/components/deduplicated-helpers.ts	template	${…}: ${…},	arg(limits.push)	generateFlutterImplementation	1	K-DART	rule: Dart syntax template carrying no design value
src/tools/flutter/components/deduplicated-helpers.ts	template	${…}: ${…},	ternary	axisSize	1	K-DART	hand-reviewed: size > 0 = measured size present
src/tools/flutter/components/deduplicated-helpers.ts	template	${…}: Radius.circular(${…})	ternary	borderRadius	1	K-DART	hand-reviewed: radius > 0 = rounded
src/tools/flutter/components/deduplicated-helpers.ts	template	${…}: double.infinity,	arg(boxSizes.push)	positioned	1	K-TEXT	rule: report/log/approximation text, no design fact
src/tools/flutter/components/deduplicated-helpers.ts	template	${…}: double.infinity,	arg(rootProps.push)	generateFlutterImplementation	1	K-TEXT	rule: report/log/approximation text, no design fact
src/tools/flutter/components/deduplicated-helpers.ts	template	${…}: double.infinity,	array-arg(box)	fillCrossAxis	1	K-TEXT	rule: report/log/approximation text, no design fact
src/tools/flutter/components/deduplicated-helpers.ts	template	${…}: double.infinity,	array-arg(box)	flexWidget	1	K-TEXT	rule: report/log/approximation text, no design fact
src/tools/flutter/components/deduplicated-helpers.ts	template	${…}Factor: ${…},	arg(factors.push)	positioned	1	K-DART	rule: Dart syntax template carrying no design value
src/tools/flutter/components/deduplicated-helpers.ts	template	${…}\n\n	binary(+=)	generateComprehensiveDeduplicatedReport	1	K-TEXT	rule: report/log/approximation text, no design fact
src/tools/flutter/components/deduplicated-helpers.ts	template	- ${…}: ${…}\n	binary(+=)	generateDeduplicatedReport	1	K-TEXT	rule: report/log/error text, no design fact
src/tools/flutter/components/deduplicated-helpers.ts	template	- ${…}\n	ArrowFunction	generateFlutterImplementation	1	K-TEXT	rule: report/log/error text, no design fact
src/tools/flutter/components/deduplicated-helpers.ts	template	- ${…}\n	binary(+=)	generateFlutterImplementation	1	K-TEXT	rule: report/log/error text, no design fact
src/tools/flutter/components/deduplicated-helpers.ts	template	// approximate: ${…}\n${…}	return	approximate	1	K-DART	rule: Dart syntax template carrying no design value
src/tools/flutter/components/deduplicated-helpers.ts	template	BorderRadius.circular(${…})	ternary	borderRadius	1	K-DART	hand-reviewed: radius > 0 = rounded
src/tools/flutter/components/deduplicated-helpers.ts	template	BorderRadius.only(${…})	return	borderRadius	1	K-DART	rule: Dart syntax template carrying no design value
src/tools/flutter/components/deduplicated-helpers.ts	template	BoxConstraints(${…})	ternary	boxConstraints	1	K-DART	rule: Dart syntax template carrying no design value
src/tools/flutter/components/deduplicated-helpers.ts	template	Children (${…}):\n	binary(+=)	generateDeduplicatedReport	1	K-TEXT	rule: report/log/approximation text, no design fact
src/tools/flutter/components/deduplicated-helpers.ts	template	Component Analysis (Deduplicated)\n\n	var(output)	generateDeduplicatedReport	1	K-TEXT	rule: report/log/approximation text, no design fact
src/tools/flutter/components/deduplicated-helpers.ts	template	Component: ${…}\n	binary(+=)	generateDeduplicatedReport	1	K-TEXT	rule: report/log/approximation text, no design fact
src/tools/flutter/components/deduplicated-helpers.ts	template	Expanded(\n  child: ${…},\n)	return	wrapForMainAxisSizing	1	K-DART	rule: Dart syntax template carrying no design value
src/tools/flutter/components/deduplicated-helpers.ts	template	Flutter Implementation:\n\n	var(implementation)	generateFlutterImplementation	1	K-TEXT	rule: report/log/approximation text, no design fact
src/tools/flutter/components/deduplicated-helpers.ts	template	New Style Definitions:\n	binary(+=)	generateDeduplicatedReport	1	K-TEXT	rule: report/log/approximation text, no design fact
src/tools/flutter/components/deduplicated-helpers.ts	template	No class generated for "${…}": "${…}" is also a widget the generated body uses. ${…}\n	binary(+)	generateFlutterImplementation	1	K-TEXT	report, label, log or error text
src/tools/flutter/components/deduplicated-helpers.ts	template	No class generated for "${…}": "${…}" is not a valid Dart type name. ${…}\n	binary(+)	generateFlutterImplementation	1	K-TEXT	report, label, log or error text
src/tools/flutter/components/deduplicated-helpers.ts	template	Node ID: ${…}\n\n	binary(+=)	generateDeduplicatedReport	1	K-TEXT	rule: report/log/approximation text, no design fact
src/tools/flutter/components/deduplicated-helpers.ts	template	SizedBox(${…})	return	sizedBox	1	K-DART	rule: Dart syntax template carrying no design value
src/tools/flutter/components/deduplicated-helpers.ts	template	Style References:\n	binary(+=)	generateDeduplicatedReport	1	K-TEXT	rule: report/log/approximation text, no design fact
src/tools/flutter/components/deduplicated-helpers.ts	template	Type: ${…}\n	binary(+=)	generateDeduplicatedReport	1	K-TEXT	rule: report/log/approximation text, no design fact
src/tools/flutter/components/deduplicated-helpers.ts	template	\b${…}[(.]	arg(RegExp)	generateFlutterImplementation	1	K-SCHEMA	regex built from a widget or class name
src/tools/flutter/components/deduplicated-helpers.ts	template	\b${…}\b	arg(RegExp)	referencedStyles	1	K-SCHEMA	regex built from a widget or class name
src/tools/flutter/components/deduplicated-helpers.ts	template	\n	binary(+=)	generateComprehensiveDeduplicatedReport	6	K-TEXT	rule: report/log/approximation text, no design fact
src/tools/flutter/components/deduplicated-helpers.ts	template	\n	binary(+=)	generateDeduplicatedReport	2	K-TEXT	rule: report/log/approximation text, no design fact
src/tools/flutter/components/deduplicated-helpers.ts	template	\n	binary(+=)	generateFlutterImplementation	1	K-TEXT	report, label, log or error text
src/tools/flutter/components/deduplicated-helpers.ts	template	\nUse generate_flutter_implementation tool for complete Flutter code.\n	binary(+=)	generateDeduplicatedReport	1	K-TEXT	rule: report/log/approximation text, no design fact
src/tools/flutter/components/deduplicated-helpers.ts	template	\n⚠️ Approximations:\n${…}	binary(+=)	generateFlutterImplementation	1	K-TEXT	rule: report/log/approximation text, no design fact
src/tools/flutter/components/deduplicated-helpers.ts	template	alignment: Alignment(${…}),	array-arg(box)	positioned	1	K-DART	rule: Dart syntax template carrying no design value
src/tools/flutter/components/deduplicated-helpers.ts	template	borderRadius: ${…},	array-arg(box)	clipStack	1	K-DART	rule: Dart syntax template carrying no design value
src/tools/flutter/components/deduplicated-helpers.ts	template	child: ${…},	arg(props.push)	childWidget	1	K-DART	rule: Dart syntax template carrying no design value
src/tools/flutter/components/deduplicated-helpers.ts	template	child: ${…},	arg(rootProps.push)	generateFlutterImplementation	1	K-DART	rule: Dart syntax template carrying no design value
src/tools/flutter/components/deduplicated-helpers.ts	template	child: ${…},	array	fillLayerChild	1	K-DART	emitted Dart code
src/tools/flutter/components/deduplicated-helpers.ts	template	child: ${…},	array(props)	positioned	1	K-DART	rule: Dart syntax template carrying no design value
src/tools/flutter/components/deduplicated-helpers.ts	template	child: ${…},	array-arg(box)	clipStack	1	K-DART	rule: Dart syntax template carrying no design value
src/tools/flutter/components/deduplicated-helpers.ts	template	child: ${…},	array-arg(box)	constrained	1	K-DART	rule: Dart syntax template carrying no design value
src/tools/flutter/components/deduplicated-helpers.ts	template	child: ${…},	array-arg(box)	fillCrossAxis	1	K-DART	rule: Dart syntax template carrying no design value
src/tools/flutter/components/deduplicated-helpers.ts	template	child: ${…},	array-arg(box)	flexWidget	3	K-DART	rule: Dart syntax template carrying no design value
src/tools/flutter/components/deduplicated-helpers.ts	template	child: ${…},	array-arg(box)	generateFlutterImplementation	1	K-DART	rule: Dart syntax template carrying no design value
src/tools/flutter/components/deduplicated-helpers.ts	template	child: ${…},	array-arg(box)	layoutWidget	1	K-DART	rule: Dart syntax template carrying no design value
src/tools/flutter/components/deduplicated-helpers.ts	template	child: ${…},	array-arg(box)	overflowLayout	1	K-DART	rule: Dart syntax template carrying no design value
src/tools/flutter/components/deduplicated-helpers.ts	template	child: ${…},	array-arg(box)	positioned	3	K-DART	rule: Dart syntax template carrying no design value
src/tools/flutter/components/deduplicated-helpers.ts	template	class ${…}	arg(implementation.indexOf)	generateFlutterImplementation	1	K-DART	emitted Dart code
src/tools/flutter/components/deduplicated-helpers.ts	template	class ${…} extends StatelessWidget {\n	binary(+=)	generateFlutterImplementation	1	K-DART	rule: Dart syntax template carrying no design value
src/tools/flutter/components/deduplicated-helpers.ts	template	component "${…}" is not inlined; analyze it separately	arg(approximate)	childWidget	1	K-TEXT	rule: report/log/approximation text, no design fact
src/tools/flutter/components/deduplicated-helpers.ts	template	constrainedAxis: ${…},	array-arg(box)	overflowLayout	1	K-DART	rule: Dart syntax template carrying no design value
src/tools/flutter/components/deduplicated-helpers.ts	template	constraints: ${…},	array-arg(box)	constrained	1	K-DART	rule: Dart syntax template carrying no design value
src/tools/flutter/components/deduplicated-helpers.ts	template	crossAxisAlignment: CrossAxisAlignment.${…},	arg(args.push)	flexWidget	1	K-TEXT	rule: report/log/approximation text, no design fact
src/tools/flutter/components/deduplicated-helpers.ts	template	decoration: ${…},	arg(props.push)	childWidget	1	K-DART	rule: Dart syntax template carrying no design value
src/tools/flutter/components/deduplicated-helpers.ts	template	decoration: ${…},	arg(rootProps.push)	generateFlutterImplementation	1	K-DART	rule: Dart syntax template carrying no design value
src/tools/flutter/components/deduplicated-helpers.ts	template	decoration: ${…},	array-arg(box)	childWidget	1	K-DART	rule: Dart syntax template carrying no design value
src/tools/flutter/components/deduplicated-helpers.ts	template	height: ${…},	ternary	childWidget	1	K-DART	rule: Dart syntax template carrying no design value
src/tools/flutter/components/deduplicated-helpers.ts	template	mainAxisAlignment: MainAxisAlignment.${…},	arg(args.push)	flexWidget	1	K-TEXT	rule: report/log/approximation text, no design fact
src/tools/flutter/components/deduplicated-helpers.ts	template	no absoluteBoundingBox from Figma for "${…}"; it is not positioned	arg(approximate)	positioned	1	K-TEXT	report, label, log or error text
src/tools/flutter/components/deduplicated-helpers.ts	template	padding: ${…},	arg(props.push)	childWidget	1	K-DART	rule: Dart syntax template carrying no design value
src/tools/flutter/components/deduplicated-helpers.ts	template	padding: ${…},	arg(rootProps.push)	generateFlutterImplementation	1	K-DART	rule: Dart syntax template carrying no design value
src/tools/flutter/components/deduplicated-helpers.ts	template	padding: ${…},	array-arg(box)	layoutWidget	1	K-DART	rule: Dart syntax template carrying no design value
src/tools/flutter/components/deduplicated-helpers.ts	template	width: ${…},	ternary	childWidget	1	K-DART	rule: Dart syntax template carrying no design value
src/tools/flutter/components/deduplicated-helpers.ts	template	}\n	binary(+=)	generateFlutterImplementation	1	K-DART	rule: Dart syntax template carrying no design value
src/tools/flutter/components/deduplicated-helpers.ts	template	✨ New Style Definitions Created:\n	binary(+=)	generateComprehensiveDeduplicatedReport	1	K-TEXT	rule: report/log/approximation text, no design fact
src/tools/flutter/components/deduplicated-helpers.ts	template	🎨 Style References (Deduplicated):\n	binary(+=)	generateComprehensiveDeduplicatedReport	1	K-TEXT	rule: report/log/approximation text, no design fact
src/tools/flutter/components/deduplicated-helpers.ts	template	🎨 Style References: None detected\n\n	binary(+=)	generateComprehensiveDeduplicatedReport	1	K-TEXT	rule: report/log/approximation text, no design fact
src/tools/flutter/components/deduplicated-helpers.ts	template	🏗️  Widget Composition Guidelines:\n	binary(+=)	generateFlutterImplementation	1	K-TEXT	rule: report/log/approximation text, no design fact
src/tools/flutter/components/deduplicated-helpers.ts	template	🏗️  Widget Composition Reminder:\n	binary(+=)	generateComprehensiveDeduplicatedReport	1	K-TEXT	rule: report/log/approximation text, no design fact
src/tools/flutter/components/deduplicated-helpers.ts	template	🏷️  Component Metadata:\n	binary(+=)	generateComprehensiveDeduplicatedReport	1	K-TEXT	rule: report/log/approximation text, no design fact
src/tools/flutter/components/deduplicated-helpers.ts	template	👶 Children Analysis (${…} children):\n	binary(+=)	generateComprehensiveDeduplicatedReport	1	K-TEXT	rule: report/log/approximation text, no design fact
src/tools/flutter/components/deduplicated-helpers.ts	template	👶 Children: No children detected\n\n	binary(+=)	generateComprehensiveDeduplicatedReport	1	K-TEXT	rule: report/log/approximation text, no design fact
src/tools/flutter/components/deduplicated-helpers.ts	template	📊 Comprehensive Component Analysis (Deduplicated)\n	var(output)	generateComprehensiveDeduplicatedReport	1	K-TEXT	rule: report/log/approximation text, no design fact
src/tools/flutter/components/deduplicated-helpers.ts	template	🔗 Nested Components (${…}):\n	binary(+=)	generateComprehensiveDeduplicatedReport	1	K-TEXT	rule: report/log/approximation text, no design fact
src/tools/flutter/components/deduplicated-helpers.ts	template	🚀 Quick Actions:\n	binary(+=)	generateComprehensiveDeduplicatedReport	1	K-TEXT	rule: report/log/approximation text, no design fact
src/tools/flutter/components/deduplicated-helpers.ts	type-string	height	LiteralType	axisSize	1	K-SCHEMA	rule: TypeScript literal type of our own API
src/tools/flutter/components/deduplicated-helpers.ts	type-string	height	LiteralType	boxConstraints	1	K-SCHEMA	rule: TypeScript literal type of our own API
src/tools/flutter/components/deduplicated-helpers.ts	type-string	horizontal	LiteralType	fillCrossAxis	1	K-SCHEMA	rule: TypeScript literal type of our own API
src/tools/flutter/components/deduplicated-helpers.ts	type-string	horizontal	LiteralType	wrapForMainAxisSizing	1	K-SCHEMA	rule: TypeScript literal type of our own API
src/tools/flutter/components/deduplicated-helpers.ts	type-string	vertical	LiteralType	fillCrossAxis	1	K-SCHEMA	rule: TypeScript literal type of our own API
src/tools/flutter/components/deduplicated-helpers.ts	type-string	vertical	LiteralType	wrapForMainAxisSizing	1	K-SCHEMA	rule: TypeScript literal type of our own API
src/tools/flutter/components/deduplicated-helpers.ts	type-string	width	LiteralType	axisSize	1	K-SCHEMA	rule: TypeScript literal type of our own API
src/tools/flutter/components/deduplicated-helpers.ts	type-string	width	LiteralType	boxConstraints	1	K-SCHEMA	rule: TypeScript literal type of our own API
src/tools/flutter/components/helpers.ts	number	0	arg(childrenSource.slice)	generateStructureInspectionReport	1	K-CONV	rule: 0/1/-1/2 identity, index, count, halving or Alignment -1..1 math
src/tools/flutter/components/helpers.ts	number	0	arg(word.charAt)	toPascalCase	1	K-CONV	rule: 0/1/-1/2 identity, index, count, halving or Alignment -1..1 math
src/tools/flutter/components/helpers.ts	number	0	binary(===)	generateStructureInspectionReport	1	K-CONV	rule: 0/1/-1/2 identity, index, count, halving or Alignment -1..1 math
src/tools/flutter/components/helpers.ts	number	0	binary(>)	generateComponentAnalysisReport	5	K-CONV	rule: 0/1/-1/2 identity, index, count, halving or Alignment -1..1 math
src/tools/flutter/components/helpers.ts	number	0	binary(>)	generateFlutterGuidance	6	K-CONV	rule: 0/1/-1/2 identity, index, count, halving or Alignment -1..1 math
src/tools/flutter/components/helpers.ts	number	0	binary(>)	generateStructureInspectionReport	4	K-CONV	rule: 0/1/-1/2 identity, index, count, halving or Alignment -1..1 math
src/tools/flutter/components/helpers.ts	number	0	binary(||)	generateStructureInspectionReport	2	K-CONV	hand-reviewed ||-fallback: child count 0 when no children
src/tools/flutter/components/helpers.ts	number	0	index	generateFlutterGuidance	2	K-CONV	rule: 0/1/-1/2 identity, index, count, halving or Alignment -1..1 math
src/tools/flutter/components/helpers.ts	number	1	arg(word.slice)	toPascalCase	1	K-CONV	rule: 0/1/-1/2 identity, index, count, halving or Alignment -1..1 math
src/tools/flutter/components/helpers.ts	number	1	binary(!==)	generateComponentAnalysisReport	1	K-CONV	hand-reviewed: opacity 1 = opaque identity
src/tools/flutter/components/helpers.ts	number	1	binary(+)	generateComponentAnalysisReport	3	K-CONV	rule: 0/1/-1/2 identity, index, count, halving or Alignment -1..1 math
src/tools/flutter/components/helpers.ts	number	1	binary(+)	generateFlutterGuidance	3	K-CONV	rule: 0/1/-1/2 identity, index, count, halving or Alignment -1..1 math
src/tools/flutter/components/helpers.ts	number	1	binary(+)	generateStructureInspectionReport	1	K-CONV	rule: 0/1/-1/2 identity, index, count, halving or Alignment -1..1 math
src/tools/flutter/components/helpers.ts	number	100	binary(*)	generateComponentAnalysisReport	1	K-CONV	rule: percent
src/tools/flutter/components/helpers.ts	number	15	arg(childrenSource.slice)	generateStructureInspectionReport	1	F-HEUR	analysis cap; removed by ticket 15
src/tools/flutter/components/helpers.ts	number	2	arg(indentContinuation)	generateFlutterGuidance	1	K-DART	indent width of emitted Dart
src/tools/flutter/components/helpers.ts	regex	/[^a-zA-Z0-9]/g	arg(str\n        .replace)	toPascalCase	1	K-DART	rule: Dart identifier / emitted-code text munging
src/tools/flutter/components/helpers.ts	regex	/\s/g	arg(slice(1).toLowerCase())\n        .replace)	toPascalCase	1	K-DART	rule: Dart identifier / emitted-code text munging
src/tools/flutter/components/helpers.ts	regex	/\w+/g	arg(e(/[^a-zA-Z0-9]/g, ' ')\n        .replace)	toPascalCase	1	K-DART	rule: Dart identifier / emitted-code text munging
src/tools/flutter/components/helpers.ts	string		arg(formatFills)	generateComponentAnalysisReport	1	K-TEXT	rule: separator/whitespace/padding char
src/tools/flutter/components/helpers.ts	string		arg(formatFills)	generateStructureInspectionReport	1	K-TEXT	rule: separator/whitespace/padding char
src/tools/flutter/components/helpers.ts	string		arg(formatInteractions)	generateComponentAnalysisReport	1	K-TEXT	rule: separator/whitespace/padding char
src/tools/flutter/components/helpers.ts	string		arg(formatPadding)	generateComponentAnalysisReport	1	K-TEXT	rule: separator/whitespace/padding char
src/tools/flutter/components/helpers.ts	string		arg(formatStrokes)	generateComponentAnalysisReport	1	K-TEXT	rule: separator/whitespace/padding char
src/tools/flutter/components/helpers.ts	string		arg(slice(1).toLowerCase())\n        .replace)	toPascalCase	1	K-TEXT	rule: separator/whitespace/padding char
src/tools/flutter/components/helpers.ts	string		ternary	generateComponentAnalysisReport	2	K-TEXT	rule: separator/whitespace/padding char
src/tools/flutter/components/helpers.ts	string		ternary	generateStructureInspectionReport	3	K-TEXT	rule: separator/whitespace/padding char
src/tools/flutter/components/helpers.ts	string		ternary	side	1	K-TEXT	report, label, log or error text
src/tools/flutter/components/helpers.ts	string	 	arg(fontParts.join)	generateComponentAnalysisReport	1	K-TEXT	rule: separator/whitespace/padding char
src/tools/flutter/components/helpers.ts	string	 	arg(str\n        .replace)	toPascalCase	1	K-TEXT	rule: separator/whitespace/padding char
src/tools/flutter/components/helpers.ts	string	   	arg(formatFills)	generateComponentAnalysisReport	1	K-TEXT	rule: separator/whitespace/padding char
src/tools/flutter/components/helpers.ts	string	   	arg(formatFills)	generateStructureInspectionReport	1	K-TEXT	rule: separator/whitespace/padding char
src/tools/flutter/components/helpers.ts	string	   	arg(formatInteractions)	generateComponentAnalysisReport	1	K-TEXT	rule: separator/whitespace/padding char
src/tools/flutter/components/helpers.ts	string	   	arg(formatNestedInteractions)	generateComponentAnalysisReport	1	K-TEXT	rule: separator/whitespace/padding char
src/tools/flutter/components/helpers.ts	string	   	arg(formatPadding)	generateComponentAnalysisReport	1	K-TEXT	rule: separator/whitespace/padding char
src/tools/flutter/components/helpers.ts	string	   	arg(formatSizingAlignment)	generateComponentAnalysisReport	1	K-TEXT	rule: separator/whitespace/padding char
src/tools/flutter/components/helpers.ts	string	   	arg(formatSizingAlignment)	generateStructureInspectionReport	1	K-TEXT	rule: separator/whitespace/padding char
src/tools/flutter/components/helpers.ts	string	   	arg(formatStrokes)	generateComponentAnalysisReport	1	K-TEXT	rule: separator/whitespace/padding char
src/tools/flutter/components/helpers.ts	string	 [COMPONENT]	ternary	generateComponentAnalysisReport	1	K-TEXT	rule: user-facing/log text, no design fact
src/tools/flutter/components/helpers.ts	string	 [COMPONENT]	ternary	generateStructureInspectionReport	1	K-TEXT	rule: user-facing/log text, no design fact
src/tools/flutter/components/helpers.ts	string	 [EMPTY_HIDDEN_SLOT]	ternary	generateStructureInspectionReport	1	K-TEXT	rule: user-facing/log text, no design fact
src/tools/flutter/components/helpers.ts	string	 [HIDDEN]	ternary	generateStructureInspectionReport	1	K-TEXT	rule: user-facing/log text, no design fact
src/tools/flutter/components/helpers.ts	string	 × 	arg({columns} columns`].filter(Boolean).join)	generateComponentAnalysisReport	1	K-TEXT	report, label, log or error text
src/tools/flutter/components/helpers.ts	string	,	binary(+)	generateFlutterGuidance	1	K-TEXT	report, label, log or error text
src/tools/flutter/components/helpers.ts	string	, 	arg(parts.join)	generateComponentAnalysisReport	1	K-TEXT	report, label, log or error text
src/tools/flutter/components/helpers.ts	string	- 	arg(formatSizingAlignment)	generateComponentAnalysisReport	1	K-TEXT	rule: user-facing/log text, no design fact
src/tools/flutter/components/helpers.ts	string	/* Your content here */	arg(FlutterCodeGenerator.nestFillLayers)	generateFlutterGuidance	1	K-DART	emitted Dart code
src/tools/flutter/components/helpers.ts	string	/* Your content here */	ternary	generateFlutterGuidance	1	K-DART	emitted Dart code
src/tools/flutter/components/helpers.ts	string	BASELINE	object-key	mapFigmaToFlutterAlignment	1	K-API	rule: Figma REST enum value
src/tools/flutter/components/helpers.ts	string	CENTER	object-key	mapFigmaToFlutterAlignment	2	K-API	rule: Figma REST enum value
src/tools/flutter/components/helpers.ts	string	COMPONENT	binary(===)	generateStructureInspectionReport	2	K-API	rule: Figma REST enum value
src/tools/flutter/components/helpers.ts	string	Column	ternary	generateFlutterGuidance	1	K-DART	rule: Flutter identifier in emitted code
src/tools/flutter/components/helpers.ts	string	CrossAxisAlignment.baseline	prop('BASELINE')	mapFigmaToFlutterAlignment	1	K-DART	rule: Flutter identifier in emitted code
src/tools/flutter/components/helpers.ts	string	CrossAxisAlignment.center	prop('CENTER')	mapFigmaToFlutterAlignment	1	K-DART	rule: Flutter identifier in emitted code
src/tools/flutter/components/helpers.ts	string	CrossAxisAlignment.end	prop('MAX')	mapFigmaToFlutterAlignment	1	K-DART	rule: Flutter identifier in emitted code
src/tools/flutter/components/helpers.ts	string	CrossAxisAlignment.start	prop('MIN')	mapFigmaToFlutterAlignment	1	K-DART	rule: Flutter identifier in emitted code
src/tools/flutter/components/helpers.ts	string	CrossAxisAlignment.start	ternary	mapFigmaToFlutterAlignment	1	K-DART	hand-reviewed ||-fallback: unknown Figma alignment -> start; Figma default is MIN (helpers.ts:497)
src/tools/flutter/components/helpers.ts	string	Direct input	ternary	generateComponentAnalysisReport	1	K-TEXT	rule: user-facing/log text, no design fact
src/tools/flutter/components/helpers.ts	string	Figma URL	ternary	generateComponentAnalysisReport	1	K-TEXT	rule: user-facing/log text, no design fact
src/tools/flutter/components/helpers.ts	string	INSTANCE	binary(===)	generateStructureInspectionReport	2	K-API	rule: Figma REST enum value
src/tools/flutter/components/helpers.ts	string	MAX	object-key	mapFigmaToFlutterAlignment	2	K-API	rule: Figma REST enum value
src/tools/flutter/components/helpers.ts	string	MIN	object-key	mapFigmaToFlutterAlignment	2	K-API	rule: Figma REST enum value
src/tools/flutter/components/helpers.ts	string	MainAxisAlignment.center	prop('CENTER')	mapFigmaToFlutterAlignment	1	K-DART	rule: Flutter identifier in emitted code
src/tools/flutter/components/helpers.ts	string	MainAxisAlignment.end	prop('MAX')	mapFigmaToFlutterAlignment	1	K-DART	rule: Flutter identifier in emitted code
src/tools/flutter/components/helpers.ts	string	MainAxisAlignment.spaceAround	prop('SPACE_AROUND')	mapFigmaToFlutterAlignment	1	K-DART	rule: Flutter identifier in emitted code
src/tools/flutter/components/helpers.ts	string	MainAxisAlignment.spaceBetween	prop('SPACE_BETWEEN')	mapFigmaToFlutterAlignment	1	K-DART	rule: Flutter identifier in emitted code
src/tools/flutter/components/helpers.ts	string	MainAxisAlignment.spaceEvenly	prop('SPACE_EVENLY')	mapFigmaToFlutterAlignment	1	K-DART	rule: Flutter identifier in emitted code
src/tools/flutter/components/helpers.ts	string	MainAxisAlignment.start	prop('MIN')	mapFigmaToFlutterAlignment	1	K-DART	rule: Flutter identifier in emitted code
src/tools/flutter/components/helpers.ts	string	MainAxisAlignment.start	ternary	mapFigmaToFlutterAlignment	1	K-DART	hand-reviewed ||-fallback: unknown Figma alignment -> start; Figma default is MIN (helpers.ts:497)
src/tools/flutter/components/helpers.ts	string	Row	ternary	generateFlutterGuidance	1	K-DART	rule: Flutter identifier in emitted code
src/tools/flutter/components/helpers.ts	string	SPACE_AROUND	object-key	mapFigmaToFlutterAlignment	1	K-API	rule: Figma REST enum value
src/tools/flutter/components/helpers.ts	string	SPACE_BETWEEN	object-key	mapFigmaToFlutterAlignment	1	K-API	rule: Figma REST enum value
src/tools/flutter/components/helpers.ts	string	SPACE_EVENLY	object-key	mapFigmaToFlutterAlignment	1	K-API	rule: Figma REST enum value
src/tools/flutter/components/helpers.ts	string	TEXT	binary(===)	generateFlutterGuidance	1	K-API	rule: Figma REST enum value
src/tools/flutter/components/helpers.ts	string	TEXT	binary(===)	generateStructureInspectionReport	1	K-API	rule: Figma REST enum value
src/tools/flutter/components/helpers.ts	string	\n	arg(lit('\n').map(line => `   ${line}`).join)	generateFlutterGuidance	1	K-TEXT	rule: separator/whitespace/padding char
src/tools/flutter/components/helpers.ts	string	\n	arg(widgetSuggestion.split)	generateFlutterGuidance	1	K-TEXT	rule: separator/whitespace/padding char
src/tools/flutter/components/helpers.ts	string	auto-layout	binary(===)	generateFlutterGuidance	1	K-SCHEMA	rule: value of our own analysis/style-category schema
src/tools/flutter/components/helpers.ts	string	cross	arg(mapFigmaToFlutterAlignment)	generateFlutterGuidance	1	K-SCHEMA	rule: value of our own analysis/style-category schema
src/tools/flutter/components/helpers.ts	string	height	ternary	generateFlutterGuidance	1	K-DART	rule: Flutter identifier in emitted code
src/tools/flutter/components/helpers.ts	string	horizontal	binary(===)	generateFlutterGuidance	2	K-SCHEMA	rule: value of our own analysis/style-category schema
src/tools/flutter/components/helpers.ts	string	main	arg(mapFigmaToFlutterAlignment)	generateFlutterGuidance	1	K-SCHEMA	rule: value of our own analysis/style-category schema
src/tools/flutter/components/helpers.ts	string	main	binary(===)	mapFigmaToFlutterAlignment	2	K-SCHEMA	rule: value of our own analysis/style-category schema
src/tools/flutter/components/helpers.ts	string	mixed	binary(!==)	generateComponentAnalysisReport	1	K-SCHEMA	rule: value of our own analysis/style-category schema
src/tools/flutter/components/helpers.ts	string	number	binary(===)	generateComponentAnalysisReport	2	K-API	rule: JS typeof result
src/tools/flutter/components/helpers.ts	string	number	binary(===)	generateFlutterGuidance	1	K-API	rule: JS typeof result
src/tools/flutter/components/helpers.ts	string	url	binary(===)	generateComponentAnalysisReport	2	K-SCHEMA	rule: value of our own analysis/style-category schema
src/tools/flutter/components/helpers.ts	string	width	ternary	generateFlutterGuidance	1	K-DART	rule: Flutter identifier in emitted code
src/tools/flutter/components/helpers.ts	template	        // offset: not set by Figma\n	ternary	generateFlutterGuidance	1	K-TEXT	report, label, log or error text
src/tools/flutter/components/helpers.ts	template	        blurRadius: ${…},\n	binary(+=)	generateFlutterGuidance	1	K-DART	rule: Dart syntax template carrying no design value
src/tools/flutter/components/helpers.ts	template	        color: ${…},\n	binary(+=)	generateFlutterGuidance	1	K-DART	emitted Dart code
src/tools/flutter/components/helpers.ts	template	        offset: Offset(${…}, ${…}),\n	ternary	generateFlutterGuidance	1	K-DART	rule: Dart syntax template carrying no design value
src/tools/flutter/components/helpers.ts	template	        spreadRadius: ${…},\n	binary(+=)	generateFlutterGuidance	1	K-DART	rule: Dart syntax template carrying no design value
src/tools/flutter/components/helpers.ts	template	      ),\n	binary(+=)	generateFlutterGuidance	1	K-DART	rule: Dart syntax template carrying no design value
src/tools/flutter/components/helpers.ts	template	      BoxShadow(\n	binary(+=)	generateFlutterGuidance	1	K-DART	rule: Dart syntax template carrying no design value
src/tools/flutter/components/helpers.ts	template	      bottomLeft: Radius.circular(${…}),\n	binary(+=)	generateFlutterGuidance	1	K-DART	rule: Dart syntax template carrying no design value
src/tools/flutter/components/helpers.ts	template	      bottomRight: Radius.circular(${…}),\n	binary(+=)	generateFlutterGuidance	1	K-DART	rule: Dart syntax template carrying no design value
src/tools/flutter/components/helpers.ts	template	      topLeft: Radius.circular(${…}),\n	binary(+=)	generateFlutterGuidance	1	K-DART	rule: Dart syntax template carrying no design value
src/tools/flutter/components/helpers.ts	template	      topRight: Radius.circular(${…}),\n	binary(+=)	generateFlutterGuidance	1	K-DART	rule: Dart syntax template carrying no design value
src/tools/flutter/components/helpers.ts	template	    ),\n	binary(+=)	generateFlutterGuidance	1	K-DART	rule: Dart syntax template carrying no design value
src/tools/flutter/components/helpers.ts	template	    ],\n	binary(+=)	generateFlutterGuidance	1	K-DART	rule: Dart syntax template carrying no design value
src/tools/flutter/components/helpers.ts	template	    border: Border(\n      top: ${…},\n      right: ${…},\n      bottom: ${…},\n      left: ${…},\n    ),\n	binary(+=)	generateFlutterGuidance	1	K-DART	emitted Dart code
src/tools/flutter/components/helpers.ts	template	    border: Border.all(\n      color: ${…},\n      // width: strokeWeight not set by Figma\n    ),\n	binary(+=)	generateFlutterGuidance	1	K-DART	emitted Dart code
src/tools/flutter/components/helpers.ts	template	    border: Border.all(\n      color: ${…},\n      width: ${…},\n    ),\n	binary(+=)	generateFlutterGuidance	1	K-DART	emitted Dart code
src/tools/flutter/components/helpers.ts	template	    borderRadius: BorderRadius.circular(${…}),\n	binary(+=)	generateFlutterGuidance	1	K-DART	rule: Dart syntax template carrying no design value
src/tools/flutter/components/helpers.ts	template	    borderRadius: BorderRadius.only(\n	binary(+=)	generateFlutterGuidance	1	K-DART	rule: Dart syntax template carrying no design value
src/tools/flutter/components/helpers.ts	template	    boxShadow: [\n	binary(+=)	generateFlutterGuidance	1	K-TEXT	rule: report/log/approximation text, no design fact
src/tools/flutter/components/helpers.ts	template	    color: ${…},\n	binary(+=)	generateFlutterGuidance	1	K-DART	emitted Dart code
src/tools/flutter/components/helpers.ts	template	   ${…}	ArrowFunction	generateFlutterGuidance	1	K-DART	rule: Dart syntax template carrying no design value
src/tools/flutter/components/helpers.ts	template	   Component Key: ${…}\n	binary(+=)	generateComponentAnalysisReport	1	K-TEXT	rule: report/log/approximation text, no design fact
src/tools/flutter/components/helpers.ts	template	   Contains: ${…} child nodes\n	binary(+=)	generateStructureInspectionReport	1	K-TEXT	rule: report/log/approximation text, no design fact
src/tools/flutter/components/helpers.ts	template	   Corner radius: ${…}px\n	binary(+=)	generateComponentAnalysisReport	1	K-TEXT	rule: report/log/approximation text, no design fact
src/tools/flutter/components/helpers.ts	template	   Flutter Widget:\n	binary(+=)	generateFlutterGuidance	1	K-TEXT	rule: report/log/approximation text, no design fact
src/tools/flutter/components/helpers.ts	template	   Node ID: ${…}\n	binary(+=)	generateComponentAnalysisReport	1	K-TEXT	rule: report/log/approximation text, no design fact
src/tools/flutter/components/helpers.ts	template	   Size: ${…}×${…}px\n	binary(+=)	generateComponentAnalysisReport	1	K-TEXT	rule: report/log/approximation text, no design fact
src/tools/flutter/components/helpers.ts	template	   Size: ${…}×${…}px\n	binary(+=)	generateStructureInspectionReport	1	K-TEXT	rule: report/log/approximation text, no design fact
src/tools/flutter/components/helpers.ts	template	   Size: not set by Figma\n	binary(+=)	generateComponentAnalysisReport	1	K-TEXT	report, label, log or error text
src/tools/flutter/components/helpers.ts	template	   Text Case: ${…}\n	binary(+=)	generateComponentAnalysisReport	1	K-TEXT	rule: report/log/approximation text, no design fact
src/tools/flutter/components/helpers.ts	template	   Text Content: "${…}"\n	binary(+=)	generateComponentAnalysisReport	1	K-TEXT	report, label, log or error text
src/tools/flutter/components/helpers.ts	template	   Type: ${…}\n	binary(+=)	generateComponentAnalysisReport	1	K-TEXT	rule: report/log/approximation text, no design fact
src/tools/flutter/components/helpers.ts	template	   Typography: ${…}\n	binary(+=)	generateComponentAnalysisReport	1	K-TEXT	rule: report/log/approximation text, no design fact
src/tools/flutter/components/helpers.ts	template	  ),\n	binary(+=)	generateFlutterGuidance	1	K-DART	rule: Dart syntax template carrying no design value
src/tools/flutter/components/helpers.ts	template	  child: ${…}\n	binary(+=)	generateFlutterGuidance	1	K-DART	emitted Dart code
src/tools/flutter/components/helpers.ts	template	  decoration: BoxDecoration(\n	binary(+=)	generateFlutterGuidance	1	K-DART	rule: Dart syntax template carrying no design value
src/tools/flutter/components/helpers.ts	template	  padding: EdgeInsets.all(${…}),\n	binary(+=)	generateFlutterGuidance	1	K-DART	rule: Dart syntax template carrying no design value
src/tools/flutter/components/helpers.ts	template	  padding: EdgeInsets.fromLTRB(${…}, ${…}, ${…}, ${…}),\n	binary(+=)	generateFlutterGuidance	1	K-DART	rule: Dart syntax template carrying no design value
src/tools/flutter/components/helpers.ts	template	 (${…})	ternary	generateComponentAnalysisReport	1	K-TEXT	report, label, log or error text
src/tools/flutter/components/helpers.ts	template	${…} columns	binary(&&)	generateComponentAnalysisReport	1	K-TEXT	report, label, log or error text
src/tools/flutter/components/helpers.ts	template	${…} nodes were skipped due to the maxChildNodes limit:\n	binary(+=)	generateComponentAnalysisReport	1	K-TEXT	rule: report/log/approximation text, no design fact
src/tools/flutter/components/helpers.ts	template	${…} rows	binary(&&)	generateComponentAnalysisReport	1	K-TEXT	report, label, log or error text
src/tools/flutter/components/helpers.ts	template	${…}. "${…}"\n	binary(+=)	generateFlutterGuidance	1	K-API	file path or request key composition
src/tools/flutter/components/helpers.ts	template	${…}. ${…} (${…})${…}${…}${…}\n	binary(+=)	generateStructureInspectionReport	1	K-TEXT	rule: report/log/approximation text, no design fact
src/tools/flutter/components/helpers.ts	template	${…}. ${…} (${…})${…}\n	binary(+=)	generateComponentAnalysisReport	1	K-TEXT	report, label, log or error text
src/tools/flutter/components/helpers.ts	template	${…}. ${…} (${…})\n	binary(+=)	generateComponentAnalysisReport	1	K-TEXT	rule: report/log/approximation text, no design fact
src/tools/flutter/components/helpers.ts	template	${…}. ${…}() - Node ID: ${…}\n	binary(+=)	generateFlutterGuidance	1	K-TEXT	rule: report/log/approximation text, no design fact
src/tools/flutter/components/helpers.ts	template	${…}. ${…}\n	binary(+=)	generateComponentAnalysisReport	1	K-TEXT	rule: report/log/approximation text, no design fact
src/tools/flutter/components/helpers.ts	template	${…}. // TEXT layer "${…}" (${…}): characters not read\n\n	binary(+=)	generateFlutterGuidance	1	K-TEXT	report, label, log or error text
src/tools/flutter/components/helpers.ts	template	${…}\n\n	binary(+=)	generateFlutterGuidance	1	K-TEXT	rule: report/log/approximation text, no design fact
src/tools/flutter/components/helpers.ts	template	${…}px	arg(fontParts.push)	generateComponentAnalysisReport	1	K-TEXT	rule: report/log/approximation text, no design fact
src/tools/flutter/components/helpers.ts	template	)\n\n	binary(+=)	generateFlutterGuidance	1	K-TEXT	rule: report/log/approximation text, no design fact
src/tools/flutter/components/helpers.ts	template	, width: ${…}	ternary	side	1	K-DART	emitted Dart code
src/tools/flutter/components/helpers.ts	template	- ${…}\n	binary(+=)	generateFlutterGuidance	1	K-TEXT	report, label, log or error text
src/tools/flutter/components/helpers.ts	template	- Add spacing with SizedBox(${…}: ${…})\n	binary(+=)	generateFlutterGuidance	1	K-TEXT	rule: report/log/error text, no design fact
src/tools/flutter/components/helpers.ts	template	- Corner radius: ${…}px ${…}px ${…}px ${…}px\n	binary(+=)	generateComponentAnalysisReport	1	K-TEXT	rule: report/log/error text, no design fact
src/tools/flutter/components/helpers.ts	template	- Corner radius: ${…}px\n	binary(+=)	generateComponentAnalysisReport	1	K-TEXT	rule: report/log/error text, no design fact
src/tools/flutter/components/helpers.ts	template	- Cross Axis Alignment: ${…}\n	binary(+=)	generateComponentAnalysisReport	1	K-TEXT	rule: report/log/error text, no design fact
src/tools/flutter/components/helpers.ts	template	- CrossAxisAlignment: ${…}\n	binary(+=)	generateFlutterGuidance	1	K-TEXT	rule: report/log/error text, no design fact
src/tools/flutter/components/helpers.ts	template	- Dimensions: ${…}×${…}px\n	ternary	generateComponentAnalysisReport	1	K-TEXT	rule: report/log/error text, no design fact
src/tools/flutter/components/helpers.ts	template	- Dimensions: not set by Figma\n	ternary	generateComponentAnalysisReport	1	K-TEXT	report, label, log or error text
src/tools/flutter/components/helpers.ts	template	- Direction: ${…}\n	binary(+=)	generateComponentAnalysisReport	1	K-TEXT	rule: report/log/error text, no design fact
src/tools/flutter/components/helpers.ts	template	- Found ${…} nested components for separate analysis\n	binary(+=)	generateStructureInspectionReport	1	K-TEXT	rule: report/log/error text, no design fact
src/tools/flutter/components/helpers.ts	template	- Found ${…} text nodes for content extraction\n	binary(+=)	generateStructureInspectionReport	1	K-TEXT	rule: report/log/error text, no design fact
src/tools/flutter/components/helpers.ts	template	- Main Axis Alignment: ${…}\n	binary(+=)	generateComponentAnalysisReport	1	K-TEXT	rule: report/log/error text, no design fact
src/tools/flutter/components/helpers.ts	template	- MainAxisAlignment: ${…}\n	binary(+=)	generateFlutterGuidance	1	K-TEXT	rule: report/log/error text, no design fact
src/tools/flutter/components/helpers.ts	template	- Opacity: ${…}%\n	binary(+=)	generateComponentAnalysisReport	1	K-TEXT	rule: report/log/error text, no design fact
src/tools/flutter/components/helpers.ts	template	- Spacing: ${…}px\n	binary(+=)	generateComponentAnalysisReport	1	K-TEXT	rule: report/log/error text, no design fact
src/tools/flutter/components/helpers.ts	template	- Type: ${…}\n	binary(+=)	generateComponentAnalysisReport	1	K-TEXT	rule: report/log/error text, no design fact
src/tools/flutter/components/helpers.ts	template	- Use ${…}() as the main layout widget\n	binary(+=)	generateFlutterGuidance	1	K-TEXT	rule: report/log/error text, no design fact
src/tools/flutter/components/helpers.ts	template	- Use Container() or Stack() for layout\n	binary(+=)	generateFlutterGuidance	1	K-TEXT	rule: report/log/error text, no design fact
src/tools/flutter/components/helpers.ts	template	- layoutMode: ${…}${…}\n	binary(+=)	generateComponentAnalysisReport	1	K-TEXT	report, label, log or error text
src/tools/flutter/components/helpers.ts	template	Analysis Limitations:\n	binary(+=)	generateComponentAnalysisReport	1	K-TEXT	rule: report/log/approximation text, no design fact
src/tools/flutter/components/helpers.ts	template	BorderSide(color: ${…}${…})	ArrowFunction	side	1	K-DART	emitted Dart code
src/tools/flutter/components/helpers.ts	template	Child Structure:\n	binary(+=)	generateStructureInspectionReport	1	K-TEXT	rule: report/log/approximation text, no design fact
src/tools/flutter/components/helpers.ts	template	Child layers (${…} analyzed):\n	binary(+=)	generateComponentAnalysisReport	1	K-TEXT	report, label, log or error text
src/tools/flutter/components/helpers.ts	template	Children: ${…}\n	binary(+=)	generateStructureInspectionReport	1	K-TEXT	hand-reviewed ||-fallback: child count 0 when no children
src/tools/flutter/components/helpers.ts	template	Component Analysis Report\n\n	var(output)	generateComponentAnalysisReport	1	K-TEXT	rule: report/log/approximation text, no design fact
src/tools/flutter/components/helpers.ts	template	Component Architecture:\n	binary(+=)	generateFlutterGuidance	1	K-TEXT	rule: report/log/approximation text, no design fact
src/tools/flutter/components/helpers.ts	template	Component Structure Inspection\n\n	var(output)	generateStructureInspectionReport	1	K-TEXT	rule: report/log/approximation text, no design fact
src/tools/flutter/components/helpers.ts	template	Component: ${…}\n	binary(+=)	generateComponentAnalysisReport	1	K-TEXT	rule: report/log/approximation text, no design fact
src/tools/flutter/components/helpers.ts	template	Component: ${…}\n	binary(+=)	generateStructureInspectionReport	1	K-TEXT	rule: report/log/approximation text, no design fact
src/tools/flutter/components/helpers.ts	template	Container(\n	binary(+=)	generateFlutterGuidance	1	K-DART	rule: Dart syntax template carrying no design value
src/tools/flutter/components/helpers.ts	template	Create separate widget classes for reusability:\n	binary(+=)	generateFlutterGuidance	1	K-TEXT	rule: report/log/approximation text, no design fact
src/tools/flutter/components/helpers.ts	template	Dimensions: ${…}×${…}px\n	binary(+=)	generateStructureInspectionReport	1	K-TEXT	rule: report/log/approximation text, no design fact
src/tools/flutter/components/helpers.ts	template	Flutter Implementation Guidance:\n\n	var(guidance)	generateFlutterGuidance	1	K-TEXT	rule: report/log/approximation text, no design fact
src/tools/flutter/components/helpers.ts	template	Layout Structure:\n	binary(+=)	generateComponentAnalysisReport	1	K-TEXT	rule: report/log/approximation text, no design fact
src/tools/flutter/components/helpers.ts	template	Main Widget Structure:\n	binary(+=)	generateFlutterGuidance	1	K-TEXT	rule: report/log/approximation text, no design fact
src/tools/flutter/components/helpers.ts	template	Nested Components Found (${…}):\n	binary(+=)	generateComponentAnalysisReport	1	K-TEXT	rule: report/log/approximation text, no design fact
src/tools/flutter/components/helpers.ts	template	Node ID: ${…}\n	binary(+=)	generateComponentAnalysisReport	1	K-TEXT	rule: report/log/approximation text, no design fact
src/tools/flutter/components/helpers.ts	template	Node ID: ${…}\n	binary(+=)	generateStructureInspectionReport	1	K-TEXT	rule: report/log/approximation text, no design fact
src/tools/flutter/components/helpers.ts	template	Source: ${…}\n	binary(+=)	generateComponentAnalysisReport	1	K-TEXT	rule: report/log/approximation text, no design fact
src/tools/flutter/components/helpers.ts	template	Text Elements & Flutter Widgets:\n	binary(+=)	generateFlutterGuidance	1	K-TEXT	rule: report/log/approximation text, no design fact
src/tools/flutter/components/helpers.ts	template	These components should be analyzed separately to maintain reusability:\n	binary(+=)	generateComponentAnalysisReport	1	K-TEXT	rule: report/log/approximation text, no design fact
src/tools/flutter/components/helpers.ts	template	This component has no children.\n	binary(+=)	generateStructureInspectionReport	1	K-TEXT	rule: report/log/approximation text, no design fact
src/tools/flutter/components/helpers.ts	template	Type: ${…}\n	binary(+=)	generateComponentAnalysisReport	1	K-TEXT	rule: report/log/approximation text, no design fact
src/tools/flutter/components/helpers.ts	template	Type: ${…}\n	binary(+=)	generateStructureInspectionReport	1	K-TEXT	rule: report/log/approximation text, no design fact
src/tools/flutter/components/helpers.ts	template	Use showAllChildren: true to see all children.\n	binary(+=)	generateStructureInspectionReport	1	K-TEXT	rule: report/log/approximation text, no design fact
src/tools/flutter/components/helpers.ts	template	Visual Styling:\n	binary(+=)	generateComponentAnalysisReport	1	K-TEXT	rule: report/log/approximation text, no design fact
src/tools/flutter/components/helpers.ts	template	\n	binary(+=)	generateComponentAnalysisReport	6	K-TEXT	rule: report/log/approximation text, no design fact
src/tools/flutter/components/helpers.ts	template	\n	binary(+=)	generateFlutterGuidance	1	K-TEXT	report, label, log or error text
src/tools/flutter/components/helpers.ts	template	\n	binary(+=)	generateStructureInspectionReport	1	K-TEXT	rule: report/log/approximation text, no design fact
src/tools/flutter/components/helpers.ts	template	\n... and ${…} more children.\n	binary(+=)	generateStructureInspectionReport	1	K-TEXT	rule: report/log/approximation text, no design fact
src/tools/flutter/components/helpers.ts	template	\nAnalysis Recommendations:\n	binary(+=)	generateStructureInspectionReport	1	K-TEXT	rule: report/log/approximation text, no design fact
src/tools/flutter/components/helpers.ts	template	\nAnalyze each nested component separately using the analyze_figma_component tool.\n\n	binary(+=)	generateFlutterGuidance	1	K-TEXT	rule: report/log/approximation text, no design fact
src/tools/flutter/components/helpers.ts	template	\nContainer Decoration:\n	binary(+=)	generateFlutterGuidance	1	K-TEXT	rule: report/log/approximation text, no design fact
src/tools/flutter/components/helpers.ts	template	\nSkipped ${…} hidden / empty-slot child(ren). Use showAllChildren: true to include them.\n	binary(+=)	generateStructureInspectionReport	1	K-TEXT	rule: report/log/approximation text, no design fact
src/tools/flutter/components/helpers.ts	template	\nTo analyze all nodes, increase the maxChildNodes parameter.\n\n	binary(+=)	generateComponentAnalysisReport	1	K-TEXT	rule: report/log/approximation text, no design fact
src/tools/flutter/components/helpers.ts	template	column gap ${…}	binary(&&)	generateComponentAnalysisReport	1	K-TEXT	report, label, log or error text
src/tools/flutter/components/helpers.ts	template	row gap ${…}	binary(&&)	generateComponentAnalysisReport	1	K-TEXT	report, label, log or error text
src/tools/flutter/components/helpers.ts	template	weight: ${…}	arg(fontParts.push)	generateComponentAnalysisReport	1	K-TEXT	rule: report/log/error text, no design fact
src/tools/flutter/components/helpers.ts	template	🏗️  Widget Composition Best Practices:\n	binary(+=)	generateFlutterGuidance	1	K-TEXT	rule: report/log/approximation text, no design fact
src/tools/flutter/components/helpers.ts	type-string	cross	LiteralType	mapFigmaToFlutterAlignment	1	K-SCHEMA	rule: TypeScript literal type of our own API
src/tools/flutter/components/helpers.ts	type-string	main	LiteralType	mapFigmaToFlutterAlignment	1	K-SCHEMA	rule: TypeScript literal type of our own API
src/tools/flutter/screens/helpers.ts	number	0	arg(sectionsSource.slice)	generateScreenStructureReport	1	K-CONV	bulk: identity/halving/index/8-bit/hex radix (helpers.ts:280)
src/tools/flutter/screens/helpers.ts	number	0	arg(word.charAt)	toPascalCase	1	K-CONV	bulk: identity/halving/index/8-bit/hex radix (helpers.ts:591)
src/tools/flutter/screens/helpers.ts	number	0	binary(===)	formatFixedOnScroll	1	K-CONV	index, count, midpoint or identity element
src/tools/flutter/screens/helpers.ts	number	0	binary(===)	generateScreenStructureReport	1	K-CONV	bulk: identity/halving/index/8-bit/hex radix (helpers.ts:268)
src/tools/flutter/screens/helpers.ts	number	0	binary(>)	generateFlutterScreenGuidance	2	K-CONV	bulk: identity/halving/index/8-bit/hex radix (helpers.ts:460)
src/tools/flutter/screens/helpers.ts	number	0	binary(>)	generateScreenAnalysisReport	5	K-CONV	bulk: identity/halving/index/8-bit/hex radix (helpers.ts:113)
src/tools/flutter/screens/helpers.ts	number	0	binary(>)	generateScreenStructureReport	4	K-CONV	bulk: identity/halving/index/8-bit/hex radix (helpers.ts:305)
src/tools/flutter/screens/helpers.ts	number	0	binary(||)	generateScreenStructureReport	2	K-CONV	bulk: identity/halving/index/8-bit/hex radix (helpers.ts:248)
src/tools/flutter/screens/helpers.ts	number	0	param-default(depth)	generateChildLayoutEvidence	1	K-CONV	bulk: identity/halving/index/8-bit/hex radix (helpers.ts:20)
src/tools/flutter/screens/helpers.ts	number	1	arg(word.slice)	toPascalCase	1	K-CONV	bulk: identity/halving/index/8-bit/hex radix (helpers.ts:591)
src/tools/flutter/screens/helpers.ts	number	1	binary(+)	generateChildLayoutEvidence	1	K-CONV	bulk: identity/halving/index/8-bit/hex radix (helpers.ts:57)
src/tools/flutter/screens/helpers.ts	number	1	binary(+)	generateFlutterScreenGuidance	1	K-CONV	bulk: identity/halving/index/8-bit/hex radix (helpers.ts:486)
src/tools/flutter/screens/helpers.ts	number	1	binary(+)	generateScreenAnalysisReport	3	K-CONV	bulk: identity/halving/index/8-bit/hex radix (helpers.ts:116)
src/tools/flutter/screens/helpers.ts	number	1	binary(+)	generateScreenStructureReport	1	K-CONV	bulk: identity/halving/index/8-bit/hex radix (helpers.ts:292)
src/tools/flutter/screens/helpers.ts	number	2	param-default(maxDepth)	generateChildLayoutEvidence	1	F-HEUR	analysis cap; removed by ticket 15
src/tools/flutter/screens/helpers.ts	number	2	var(count)	childWidgetNames	1	K-CONV	index, count, midpoint or identity element
src/tools/flutter/screens/helpers.ts	number	20	arg(sectionsSource.slice)	generateScreenStructureReport	1	F-HEUR	analysis cap; removed by ticket 15
src/tools/flutter/screens/helpers.ts	regex	/[^a-zA-Z0-9]/g	arg(str\n        .replace)	toPascalCase	1	K-DART	bulk: builds a Dart class identifier (helpers.ts:590)
src/tools/flutter/screens/helpers.ts	regex	/\s/g	arg(slice(1).toLowerCase())\n        .replace)	toPascalCase	1	K-DART	bulk: builds a Dart class identifier (helpers.ts:592)
src/tools/flutter/screens/helpers.ts	regex	/\w+/g	arg(e(/[^a-zA-Z0-9]/g, ' ')\n        .replace)	toPascalCase	1	K-DART	bulk: builds a Dart class identifier (helpers.ts:591)
src/tools/flutter/screens/helpers.ts	regex	/^[A-Za-z]/	PropertyAccessExpression	childWidgetNames	1	K-SCHEMA	sanitising or parsing regex
src/tools/flutter/screens/helpers.ts	string		arg(${child.type}, ${child.nodeId})\n`).join)	formatFixedOnScroll	1	K-TEXT	report, label, log or error text
src/tools/flutter/screens/helpers.ts	string		arg(formatFills)	generateScreenStructureReport	1	K-CONV	bulk: empty-string identity (helpers.ts:285)
src/tools/flutter/screens/helpers.ts	string		arg(slice(1).toLowerCase())\n        .replace)	toPascalCase	1	K-CONV	bulk: empty-string identity (helpers.ts:592)
src/tools/flutter/screens/helpers.ts	string		return	formatFixedOnScroll	1	K-TEXT	report, label, log or error text
src/tools/flutter/screens/helpers.ts	string		ternary	generateScreenStructureReport	2	K-CONV	bulk: empty-string identity (helpers.ts:285)
src/tools/flutter/screens/helpers.ts	string		var(output)	generateChildLayoutEvidence	1	K-CONV	bulk: empty-string identity (helpers.ts:23)
src/tools/flutter/screens/helpers.ts	string	 	arg(str\n        .replace)	toPascalCase	1	K-DART	bulk: identifier construction (helpers.ts:590)
src/tools/flutter/screens/helpers.ts	string	   	arg(formatCategorizedEffects)	generateScreenAnalysisReport	1	K-TEXT	bulk: report/log text with no design fact (helpers.ts:130)
src/tools/flutter/screens/helpers.ts	string	   	arg(formatFigmaEffects)	generateScreenStructureReport	1	K-TEXT	bulk: report/log text with no design fact (helpers.ts:327)
src/tools/flutter/screens/helpers.ts	string	   	arg(formatFigmaNodeBoxEvidence)	generateScreenStructureReport	1	K-TEXT	bulk: report/log text with no design fact (helpers.ts:326)
src/tools/flutter/screens/helpers.ts	string	   	arg(formatFills)	generateScreenStructureReport	1	K-TEXT	bulk: report/log text with no design fact (helpers.ts:303)
src/tools/flutter/screens/helpers.ts	string	   	arg(formatSizingAlignment)	generateScreenAnalysisReport	1	K-TEXT	bulk: report/log text with no design fact (helpers.ts:127)
src/tools/flutter/screens/helpers.ts	string	   	arg(formatSizingAlignment)	generateScreenStructureReport	1	K-TEXT	bulk: report/log text with no design fact (helpers.ts:303)
src/tools/flutter/screens/helpers.ts	string	   	arg(formatVisualBoxEvidence)	generateScreenAnalysisReport	1	K-TEXT	bulk: report/log text with no design fact (helpers.ts:129)
src/tools/flutter/screens/helpers.ts	string	   	param-default(indent)	generateChildLayoutEvidence	1	K-TEXT	bulk: report/log text with no design fact (helpers.ts:19)
src/tools/flutter/screens/helpers.ts	string	 [COMPONENT]	ternary	generateScreenStructureReport	1	K-TEXT	bulk: report marker (helpers.ts:285)
src/tools/flutter/screens/helpers.ts	string	 [HIDDEN]	ternary	generateScreenStructureReport	1	K-TEXT	bulk: report marker (helpers.ts:286)
src/tools/flutter/screens/helpers.ts	string	, 	arg(details.join)	generateChildLayoutEvidence	1	K-TEXT	bulk: report/log text with no design fact (helpers.ts:42)
src/tools/flutter/screens/helpers.ts	string	COMPONENT	binary(===)	generateScreenStructureReport	3	K-API	bulk: Figma REST node type / enum value (helpers.ts:284)
src/tools/flutter/screens/helpers.ts	string	Direct input	ternary	generateScreenAnalysisReport	1	K-TEXT	bulk: report/log text with no design fact (helpers.ts:83)
src/tools/flutter/screens/helpers.ts	string	FIXED	binary(===)	formatFixedOnScroll	1	K-API	Figma REST enum value
src/tools/flutter/screens/helpers.ts	string	Figma URL	ternary	generateScreenAnalysisReport	1	K-TEXT	bulk: report/log text with no design fact (helpers.ts:83)
src/tools/flutter/screens/helpers.ts	string	INSTANCE	binary(===)	generateScreenStructureReport	3	K-API	bulk: Figma REST node type / enum value (helpers.ts:284)
src/tools/flutter/screens/helpers.ts	string	url	binary(===)	generateScreenAnalysisReport	2	K-SCHEMA	bulk: our own section/semantic/device enum value (helpers.ts:83)
src/tools/flutter/screens/helpers.ts	template	        ${…}(),\n	binary(+=)	generateFlutterScreenGuidance	1	K-DART	emitted Dart code
src/tools/flutter/screens/helpers.ts	template	      ],\n	binary(+=)	generateFlutterScreenGuidance	1	K-DART	emitted Dart code
src/tools/flutter/screens/helpers.ts	template	      children: [\n	binary(+=)	generateFlutterScreenGuidance	1	K-DART	emitted Dart code
src/tools/flutter/screens/helpers.ts	template	    ),\n	binary(+=)	generateFlutterScreenGuidance	1	K-TEXT	report, label, log or error text
src/tools/flutter/screens/helpers.ts	template	    child: Column(\n	binary(+=)	generateFlutterScreenGuidance	1	K-DART	emitted Dart code
src/tools/flutter/screens/helpers.ts	template	   Component Key: ${…}\n	binary(+=)	generateScreenAnalysisReport	1	K-TEXT	bulk: report/log text with no design fact (helpers.ts:193)
src/tools/flutter/screens/helpers.ts	template	   Components: ${…} nested component(s)\n	binary(+=)	generateScreenAnalysisReport	1	K-TEXT	bulk: report/log text with no design fact (helpers.ts:138)
src/tools/flutter/screens/helpers.ts	template	   Components: ${…} nested component(s)\n	binary(+=)	generateScreenStructureReport	1	K-TEXT	bulk: report/log text with no design fact (helpers.ts:313)
src/tools/flutter/screens/helpers.ts	template	   Components: ${…} nested components\n	binary(+=)	generateFlutterScreenGuidance	1	K-TEXT	bulk: report/log text with no design fact (helpers.ts:489)
src/tools/flutter/screens/helpers.ts	template	   Contains: ${…} child layers\n	binary(+=)	generateScreenStructureReport	1	K-TEXT	report, label, log or error text
src/tools/flutter/screens/helpers.ts	template	   Contains: ${…} elements\n	binary(+=)	generateScreenAnalysisReport	1	K-TEXT	bulk: report/log text with no design fact (helpers.ts:133)
src/tools/flutter/screens/helpers.ts	template	   Elements: ${…} child layers\n	binary(+=)	generateFlutterScreenGuidance	1	K-TEXT	report, label, log or error text
src/tools/flutter/screens/helpers.ts	template	   Node ID: ${…}\n	binary(+=)	generateScreenAnalysisReport	1	K-TEXT	bulk: report/log text with no design fact (helpers.ts:190)
src/tools/flutter/screens/helpers.ts	template	   Position: (${…}, ${…}) in parent\n	binary(+=)	generateScreenAnalysisReport	1	K-TEXT	report, label, log or error text
src/tools/flutter/screens/helpers.ts	template	   Position: (${…}, ${…}) in parent\n	binary(+=)	generateScreenStructureReport	1	K-TEXT	report, label, log or error text
src/tools/flutter/screens/helpers.ts	template	   Size: ${…}×${…}px\n	binary(+=)	generateScreenAnalysisReport	1	K-TEXT	bulk: report/log text with no design fact (helpers.ts:121)
src/tools/flutter/screens/helpers.ts	template	   Size: ${…}×${…}px\n	binary(+=)	generateScreenStructureReport	1	K-TEXT	bulk: report/log text with no design fact (helpers.ts:296)
src/tools/flutter/screens/helpers.ts	template	   Type: ${…}\n	binary(+=)	generateScreenAnalysisReport	1	K-TEXT	bulk: report/log text with no design fact (helpers.ts:191)
src/tools/flutter/screens/helpers.ts	template	  ),\n	binary(+=)	generateFlutterScreenGuidance	1	K-DART	bulk: Dart syntax in emitted Scaffold skeleton (helpers.ts:400)
src/tools/flutter/screens/helpers.ts	template	  body: SafeArea(\n	binary(+=)	generateFlutterScreenGuidance	1	K-DART	emitted Dart code
src/tools/flutter/screens/helpers.ts	template	${…}  	arg(formatVisualBoxEvidence)	generateChildLayoutEvidence	1	K-TEXT	bulk: report/log text with no design fact (helpers.ts:50)
src/tools/flutter/screens/helpers.ts	template	${…}  	arg(generateChildLayoutEvidence)	generateChildLayoutEvidence	1	K-TEXT	bulk: report/log text with no design fact (helpers.ts:56)
src/tools/flutter/screens/helpers.ts	template	${…} child layers were skipped due to limits:\n	binary(+=)	generateScreenAnalysisReport	1	K-TEXT	report, label, log or error text
src/tools/flutter/screens/helpers.ts	template	${…}${…}	binary(=)	childWidgetNames	1	K-TEXT	report, label, log or error text
src/tools/flutter/screens/helpers.ts	template	${…}- ${…}: ${…}\n	binary(+=)	generateChildLayoutEvidence	1	K-TEXT	bulk: report/log text with no design fact (helpers.ts:42)
src/tools/flutter/screens/helpers.ts	template	${…}- ${…}\n	binary(+=)	generateChildLayoutEvidence	1	K-TEXT	bulk: report/log text with no design fact (helpers.ts:44)
src/tools/flutter/screens/helpers.ts	template	${…}. ${…} (${…}) - ${…}\n	binary(+=)	generateScreenAnalysisReport	1	K-TEXT	bulk: report/log text with no design fact (helpers.ts:217)
src/tools/flutter/screens/helpers.ts	template	${…}. ${…} (${…}, ${…})${…}${…}\n	binary(+=)	generateScreenStructureReport	1	K-TEXT	report, label, log or error text
src/tools/flutter/screens/helpers.ts	template	${…}. ${…} (${…}, ${…})\n	binary(+=)	generateScreenAnalysisReport	1	K-TEXT	report, label, log or error text
src/tools/flutter/screens/helpers.ts	template	${…}. ${…}()\n	binary(+=)	generateFlutterScreenGuidance	1	K-API	file path or request key composition
src/tools/flutter/screens/helpers.ts	template	${…}. ${…}\n	binary(+=)	generateScreenAnalysisReport	1	K-TEXT	bulk: report/log text with no design fact (helpers.ts:189)
src/tools/flutter/screens/helpers.ts	template	${…}×${…}px	ternary	generateChildLayoutEvidence	1	K-TEXT	bulk: report/log text with no design fact (helpers.ts:30)
src/tools/flutter/screens/helpers.ts	template	)\n\n	binary(+=)	generateFlutterScreenGuidance	1	K-DART	bulk: Dart syntax in emitted Scaffold skeleton (helpers.ts:479)
src/tools/flutter/screens/helpers.ts	template	- ${…} (${…}, ${…})\n	ArrowFunction	formatFixedOnScroll	1	K-TEXT	report, label, log or error text
src/tools/flutter/screens/helpers.ts	template	- ${…}\n	binary(+=)	generateFlutterScreenGuidance	1	K-TEXT	report, label, log or error text
src/tools/flutter/screens/helpers.ts	template	- FILL / STRETCH: adapt to the parent's available space; do not hardcode the measured width. Use parent padding, stretch, or Expanded as appropriate.\n	binary(+=)	generateScreenAnalysisReport	1	K-TEXT	bulk: report/log text with no design fact (helpers.ts:145)
src/tools/flutter/screens/helpers.ts	template	- FIXED: preserve the explicit Figma dimension.\n	binary(+=)	generateScreenAnalysisReport	1	K-TEXT	bulk: report/log text with no design fact (helpers.ts:146)
src/tools/flutter/screens/helpers.ts	template	- Found ${…} component child layers for separate analysis\n	binary(+=)	generateScreenStructureReport	1	K-TEXT	report, label, log or error text
src/tools/flutter/screens/helpers.ts	template	- HUG: size to the child content.\n\n	binary(+=)	generateScreenAnalysisReport	1	K-TEXT	bulk: report/log text with no design fact (helpers.ts:147)
src/tools/flutter/screens/helpers.ts	template	- Layout Type: ${…}\n	binary(+=)	generateScreenAnalysisReport	1	K-TEXT	bulk: report/log text with no design fact (helpers.ts:89)
src/tools/flutter/screens/helpers.ts	template	- Safe-area insets belong to screen composition, not reusable component heights\n	binary(+=)	generateFlutterScreenGuidance	1	K-TEXT	bulk: report/log text with no design fact (helpers.ts:388)
src/tools/flutter/screens/helpers.ts	template	- Scrollable: Yes\n	binary(+=)	generateScreenAnalysisReport	1	K-TEXT	bulk: report/log text with no design fact (helpers.ts:91)
src/tools/flutter/screens/helpers.ts	template	- Use Flutter SafeArea for the screen edges; never hardcode the design inset\n\n	binary(+=)	generateFlutterScreenGuidance	1	K-TEXT	report, label, log or error text
src/tools/flutter/screens/helpers.ts	template	Analysis Limitations:\n	binary(+=)	generateScreenAnalysisReport	1	K-TEXT	bulk: report/log text with no design fact (helpers.ts:201)
src/tools/flutter/screens/helpers.ts	template	Child layers (${…} identified):\n	binary(+=)	generateScreenAnalysisReport	1	K-TEXT	report, label, log or error text
src/tools/flutter/screens/helpers.ts	template	Child layers: ${…}\n	binary(+=)	generateScreenStructureReport	1	K-TEXT	report, label, log or error text
src/tools/flutter/screens/helpers.ts	template	Child widgets:\n	binary(+=)	generateFlutterScreenGuidance	1	K-TEXT	report, label, log or error text
src/tools/flutter/screens/helpers.ts	template	Dimensions: ${…}×${…}px\n	binary(+=)	generateScreenAnalysisReport	1	K-TEXT	bulk: report/log text with no design fact (helpers.ts:81)
src/tools/flutter/screens/helpers.ts	template	Dimensions: ${…}×${…}px\n	binary(+=)	generateScreenStructureReport	1	K-TEXT	bulk: report/log text with no design fact (helpers.ts:252)
src/tools/flutter/screens/helpers.ts	template	Fixed on scroll (Figma scrollBehavior: FIXED):\n${…}\n	return	formatFixedOnScroll	1	K-TEXT	report, label, log or error text
src/tools/flutter/screens/helpers.ts	template	Flutter Screen Implementation Guidance:\n\n	var(guidance)	generateFlutterScreenGuidance	1	K-TEXT	bulk: report/log text with no design fact (helpers.ts:374)
src/tools/flutter/screens/helpers.ts	template	Layout sizing (FIXED/HUG/FILL):\n	binary(+=)	generateScreenAnalysisReport	1	K-TEXT	report, label, log or error text
src/tools/flutter/screens/helpers.ts	template	Main Screen Structure:\n	binary(+=)	generateFlutterScreenGuidance	1	K-TEXT	bulk: report/log text with no design fact (helpers.ts:392)
src/tools/flutter/screens/helpers.ts	template	Nested Components Found (${…}):\n	binary(+=)	generateScreenAnalysisReport	1	K-TEXT	bulk: report/log text with no design fact (helpers.ts:186)
src/tools/flutter/screens/helpers.ts	template	Node ID: ${…}\n	binary(+=)	generateScreenAnalysisReport	1	K-TEXT	bulk: report/log text with no design fact (helpers.ts:78)
src/tools/flutter/screens/helpers.ts	template	Node ID: ${…}\n	binary(+=)	generateScreenStructureReport	1	K-TEXT	bulk: report/log text with no design fact (helpers.ts:247)
src/tools/flutter/screens/helpers.ts	template	Scaffold(\n	binary(+=)	generateFlutterScreenGuidance	1	K-DART	bulk: Dart syntax in emitted Scaffold skeleton (helpers.ts:393)
src/tools/flutter/screens/helpers.ts	template	Screen Analysis Report\n\n	var(output)	generateScreenAnalysisReport	1	K-TEXT	bulk: report/log text with no design fact (helpers.ts:73)
src/tools/flutter/screens/helpers.ts	template	Screen Layout:\n	binary(+=)	generateScreenAnalysisReport	1	K-TEXT	bulk: report/log text with no design fact (helpers.ts:88)
src/tools/flutter/screens/helpers.ts	template	Screen Structure Inspection\n\n	var(output)	generateScreenStructureReport	1	K-TEXT	bulk: report/log text with no design fact (helpers.ts:243)
src/tools/flutter/screens/helpers.ts	template	Screen Structure:\n	binary(+=)	generateScreenStructureReport	1	K-TEXT	bulk: report/log text with no design fact (helpers.ts:278)
src/tools/flutter/screens/helpers.ts	template	Screen: ${…}\n	binary(+=)	generateScreenAnalysisReport	1	K-TEXT	bulk: report/log text with no design fact (helpers.ts:76)
src/tools/flutter/screens/helpers.ts	template	Screen: ${…}\n	binary(+=)	generateScreenStructureReport	1	K-TEXT	bulk: report/log text with no design fact (helpers.ts:245)
src/tools/flutter/screens/helpers.ts	template	Source: ${…}\n	binary(+=)	generateScreenAnalysisReport	1	K-TEXT	bulk: report/log text with no design fact (helpers.ts:83)
src/tools/flutter/screens/helpers.ts	template	These components should be analyzed separately:\n	binary(+=)	generateScreenAnalysisReport	1	K-TEXT	bulk: report/log text with no design fact (helpers.ts:187)
src/tools/flutter/screens/helpers.ts	template	This screen has no child layers.\n	binary(+=)	generateScreenStructureReport	1	K-TEXT	report, label, log or error text
src/tools/flutter/screens/helpers.ts	template	Type: ${…}\n	binary(+=)	generateScreenAnalysisReport	1	K-TEXT	bulk: report/log text with no design fact (helpers.ts:77)
src/tools/flutter/screens/helpers.ts	template	Type: ${…}\n	binary(+=)	generateScreenStructureReport	1	K-TEXT	bulk: report/log text with no design fact (helpers.ts:246)
src/tools/flutter/screens/helpers.ts	template	Use showAllChildren: true to see all child layers.\n	binary(+=)	generateScreenStructureReport	1	K-TEXT	report, label, log or error text
src/tools/flutter/screens/helpers.ts	template	W${…}	ternary	childWidgetNames	1	K-TEXT	report, label, log or error text
src/tools/flutter/screens/helpers.ts	template	\n	binary(+=)	generateFlutterScreenGuidance	2	K-TEXT	bulk: report/log text with no design fact (helpers.ts:492)
src/tools/flutter/screens/helpers.ts	template	\n	binary(+=)	generateScreenAnalysisReport	5	K-TEXT	bulk: report/log text with no design fact (helpers.ts:85)
src/tools/flutter/screens/helpers.ts	template	\n	binary(+=)	generateScreenStructureReport	1	K-TEXT	bulk: report/log text with no design fact (helpers.ts:266)
src/tools/flutter/screens/helpers.ts	template	\n... and ${…} more child layers.\n	binary(+=)	generateScreenStructureReport	1	K-TEXT	report, label, log or error text
src/tools/flutter/screens/helpers.ts	template	\nAnalysis Recommendations:\n	binary(+=)	generateScreenStructureReport	1	K-TEXT	bulk: report/log text with no design fact (helpers.ts:340)
src/tools/flutter/screens/helpers.ts	template	\nSkipped ${…} hidden / empty-slot child layer(s). Use showAllChildren: true to include them.\n	binary(+=)	generateScreenStructureReport	1	K-TEXT	report, label, log or error text
src/tools/flutter/screens/helpers.ts	template	\nTo analyze all child layers, increase the maxChildNodes parameter.\n\n	binary(+=)	generateScreenAnalysisReport	1	K-TEXT	report, label, log or error text
src/tools/flutter/screens/helpers.ts	template	horizontal=${…}	ternary	generateChildLayoutEvidence	1	K-TEXT	bulk: report/log text with no design fact (helpers.ts:33)
src/tools/flutter/screens/helpers.ts	template	parentAlign=${…}	ternary	generateChildLayoutEvidence	1	K-TEXT	bulk: report/log text with no design fact (helpers.ts:39)
src/tools/flutter/screens/helpers.ts	template	vertical=${…}	ternary	generateChildLayoutEvidence	1	K-TEXT	bulk: report/log text with no design fact (helpers.ts:36)
src/tools/flutter/screens/helpers.ts	template	🏗️  Widget Composition Best Practices:\n	binary(+=)	generateFlutterScreenGuidance	1	K-TEXT	bulk: report/log text with no design fact (helpers.ts:377)
src/tools/flutter/screens/helpers.ts	template	📱 Safe area:\n	binary(+=)	generateFlutterScreenGuidance	1	K-TEXT	report, label, log or error text
src/tools/flutter/screens/screen-tool.ts	number	0	binary(>)	registerScreenTools	1	K-CONV	bulk: identity/halving/index/8-bit/hex radix (screen-tool.ts:99)
src/tools/flutter/screens/screen-tool.ts	number	15	BindingElement	registerScreenTools	1	F-HEUR	analysis cap; removed by ticket 15
src/tools/flutter/screens/screen-tool.ts	string		var(assetExportInfo)	registerScreenTools	1	K-CONV	bulk: empty-string identity (screen-tool.ts:95)
src/tools/flutter/screens/screen-tool.ts	string	Analyze Frame as Screen	prop(title)	registerScreenTools	1	K-SCHEMA	tool or parameter name, title or description
src/tools/flutter/screens/screen-tool.ts	string	Analyze a Figma frame treated as a screen to extract layout, child layers, and structure information for Flutter screen implementation	prop(description)	registerScreenTools	1	K-SCHEMA	tool or parameter name, title or description
src/tools/flutter/screens/screen-tool.ts	string	Error analyzing screen	arg(figmaTool)	registerScreenTools	1	K-TEXT	R8: error message text
src/tools/flutter/screens/screen-tool.ts	string	Error inspecting screen structure	arg(figmaTool)	registerScreenTools	1	K-TEXT	R8: error message text
src/tools/flutter/screens/screen-tool.ts	string	Export descendants that have exportSettings or a visible IMAGE fill (default: true)	arg(z.boolean().optional().describe)	registerScreenTools	1	K-SCHEMA	tool or parameter name, title or description
src/tools/flutter/screens/screen-tool.ts	string	Figma frame URL or file ID	arg(z.string().describe)	registerScreenTools	2	K-SCHEMA	tool or parameter name, title or description
src/tools/flutter/screens/screen-tool.ts	string	Get a quick overview of a frame's structure and child layers	prop(description)	registerScreenTools	1	K-SCHEMA	tool or parameter name, title or description
src/tools/flutter/screens/screen-tool.ts	string	Inspect Frame Structure	prop(title)	registerScreenTools	1	K-SCHEMA	tool or parameter name, title or description
src/tools/flutter/screens/screen-tool.ts	string	Invalid input format	binary(||)	registerScreenTools	1	K-TEXT	bulk: report/log text with no design fact (screen-tool.ts:66)
src/tools/flutter/screens/screen-tool.ts	string	Maximum child layers to analyze (default: 15)	arg(z.number().optional().describe)	registerScreenTools	1	F-HEUR	cap 15 restated in the parameter description; removed by ticket 15
src/tools/flutter/screens/screen-tool.ts	string	Node ID (if providing file ID separately)	arg(z.string().optional().describe)	registerScreenTools	2	K-SCHEMA	bulk: tool name/title/description/param description (screen-tool.ts:39)
src/tools/flutter/screens/screen-tool.ts	string	Path to Flutter project for asset export (defaults to current directory)	arg(z.string().optional().describe)	registerScreenTools	1	K-SCHEMA	bulk: tool name/title/description/param description (screen-tool.ts:43)
src/tools/flutter/screens/screen-tool.ts	string	SCREEN ASSET EXPORT	arg(analyseAssetSection)	registerScreenTools	1	K-TEXT	report, label, log or error text
src/tools/flutter/screens/screen-tool.ts	string	Show all child layers regardless of limits (default: false)	arg(z.boolean().optional().describe)	registerScreenTools	1	K-SCHEMA	tool or parameter name, title or description
src/tools/flutter/screens/screen-tool.ts	string	analyze_frame_as_screen	arg(server.registerTool)	registerScreenTools	1	K-SCHEMA	tool or parameter name, title or description
src/tools/flutter/screens/screen-tool.ts	string	inspect_frame_structure	arg(server.registerTool)	registerScreenTools	1	K-SCHEMA	tool or parameter name, title or description
src/tools/flutter/screens/screen-tool.ts	string	text	prop(type)	registerScreenTools	6	K-API	bulk: MCP content type "text" (screen-tool.ts:52)
src/tools/flutter/screens/screen-tool.ts	template	Error parsing input: ${…}	prop(text)	registerScreenTools	2	K-TEXT	bulk: report/log text with no design fact (screen-tool.ts:66)
src/tools/flutter/screens/screen-tool.ts	template	Screen with node ID "${…}" not found in file.	prop(text)	registerScreenTools	1	K-TEXT	bulk: report/log text with no design fact (screen-tool.ts:86)
src/tools/flutter/screens/screen-tool.ts	template	Screen with node ID "${…}" not found.	prop(text)	registerScreenTools	1	K-TEXT	bulk: report/log text with no design fact (screen-tool.ts:176)
src/tools/flutter/screens/screen-tool.ts	template	\nAsset Export Warning: ${…}\n	binary(=)	registerScreenTools	1	K-TEXT	bulk: report/log text with no design fact (screen-tool.ts:109)
src/tools/flutter/testing/golden-test-tool.ts	regex	/([a-z0-9])([A-Z])/g	arg(name\n        .replace)	toSnakeCase	1	K-SCHEMA	rule: identifier/filename sanitising regex
src/tools/flutter/testing/golden-test-tool.ts	string	$1_$2	arg(name\n        .replace)	toSnakeCase	1	K-SCHEMA	hand: snake_case file name formatting
src/tools/flutter/testing/golden-test-tool.ts	string	Error generating golden file test	arg(figmaTool)	registerGoldenTestTools	1	K-TEXT	R8: error message text
src/tools/flutter/testing/golden-test-tool.ts	string	Generate Golden File Test	prop(title)	registerGoldenTestTools	1	K-SCHEMA	tool or parameter name, title or description
src/tools/flutter/testing/golden-test-tool.ts	string	Generate a golden file test for a Flutter widget (testWidgets + 	binary(+)	registerGoldenTestTools	1	K-TEXT	report, label, log or error text
src/tools/flutter/testing/golden-test-tool.ts	string	Import path relative to lib/, e.g. 'widgets/continue_button.dart'	arg(z.string().describe)	registerGoldenTestTools	1	K-SCHEMA	rule: tool name / zod schema / description
src/tools/flutter/testing/golden-test-tool.ts	string	Name of the Flutter widget class to test (e.g. ContinueButton)	arg(z.string().describe)	registerGoldenTestTools	1	K-SCHEMA	rule: tool name / zod schema / description
src/tools/flutter/testing/golden-test-tool.ts	string	Path to Flutter project (defaults to current directory)	arg(z.string().optional().describe)	registerGoldenTestTools	1	K-SCHEMA	rule: tool name / zod schema / description
src/tools/flutter/testing/golden-test-tool.ts	string	`flutter test` on later runs to check against it.	binary(+)	registerGoldenTestTools	1	K-DART	rule: Dart code template in a generator
src/tools/flutter/testing/golden-test-tool.ts	string	generate_golden_file_test	arg(server.registerTool)	registerGoldenTestTools	1	K-SCHEMA	tool or parameter name, title or description
src/tools/flutter/testing/golden-test-tool.ts	string	json	AssertEntry	(module)	1	K-API	file extension or encoding name
src/tools/flutter/testing/golden-test-tool.ts	string	matchesGoldenFile). Does not render, compare, or run anything itself — 	binary(+)	registerGoldenTestTools	1	K-TEXT	report, label, log or error text
src/tools/flutter/testing/golden-test-tool.ts	string	run `flutter test --update-goldens` once to create the reference image, then 	binary(+)	registerGoldenTestTools	1	K-DART	rule: Dart code template in a generator
src/tools/flutter/testing/golden-test-tool.ts	string	text	prop(type)	registerGoldenTestTools	3	K-API	rule: MCP content type
src/tools/flutter/testing/golden-test-tool.ts	template	${…}${…}	arg(join)	registerGoldenTestTools	1	K-TEXT	report, label, log or error text
src/tools/flutter/testing/golden-test-tool.ts	template	${…}, then `flutter test` on later runs to check against it.	binary(+)	registerGoldenTestTools	1	K-DART	rule: Dart code template in a generator
src/tools/flutter/testing/golden-test-tool.ts	template	${…}/${…}.png	var(goldenFilePath)	registerGoldenTestTools	1	K-API	file path or request key composition
src/tools/flutter/testing/golden-test-tool.ts	template	Golden file test written to ${…}\n\n	binary(+)	registerGoldenTestTools	1	K-TEXT	report, label, log or error text
src/tools/flutter/testing/golden-test-tool.ts	template	Run `flutter test --update-goldens` once to create the reference image at 	binary(+)	registerGoldenTestTools	1	K-DART	rule: Dart code template in a generator
src/tools/flutter/testing/golden-test-tool.ts	template	This only sets up the test structure — it does not render or compare anything.\n	binary(+)	registerGoldenTestTools	1	K-DART	rule: Dart code template in a generator
src/tools/flutter/testing/golden-test-tool.ts	template	import 'package:flutter/material.dart';\nimport 'package:flutter_test/flutter_test.dart';\nimport 'package:${…}/${…}';\n\nvoid main() {\n  testWidgets('${…} gol	var(content)	registerGoldenTestTools	1	K-DART	rule: Dart code template in a generator
src/tools/flutter/testing/golden-test-tool.ts	template	pubspec.yaml in ${…} has no name: line, so the widget import cannot be written. Nothing was written.	prop(text)	registerGoldenTestTools	1	K-TEXT	report, label, log or error text
src/tools/flutter/theme/colors/theme-generator.ts	string		arg(    ${role}: AppColors.${role},\n`).join)	generateColorScheme	1	K-TEXT	report, label, log or error text
src/tools/flutter/theme/colors/theme-generator.ts	string		ternary	generateColorScheme	1	K-TEXT	report, label, log or error text
src/tools/flutter/theme/colors/theme-generator.ts	string		ternary	generateThemeDataContent	2	K-TEXT	report, label, log or error text
src/tools/flutter/theme/colors/theme-generator.ts	string	color	arg(nameConstants)	themeConstants	1	K-DART	prefix for a generated Dart identifier
src/tools/flutter/theme/colors/theme-generator.ts	string	json	AssertEntry	(module)	1	K-API	file extension or encoding name
src/tools/flutter/theme/colors/theme-generator.ts	string	primary	arg(names.has)	generateThemeDataContent	1	K-DART	Flutter ColorScheme role name; decision 16
src/tools/flutter/theme/colors/theme-generator.ts	string	surface	arg(names.has)	generateColorScheme	1	K-DART	Flutter ColorScheme role name; decision 16
src/tools/flutter/theme/colors/theme-generator.ts	template	        ${…}: AppColors.${…},\n	ArrowFunction	generateColorScheme	1	K-DART	emitted Dart code
src/tools/flutter/theme/colors/theme-generator.ts	template	        brightness: ThemeData.estimateBrightnessForColor(AppColors.surface),\n	ternary	generateColorScheme	1	K-DART	emitted Dart code
src/tools/flutter/theme/colors/theme-generator.ts	template	      colorScheme: ColorScheme.fromSeed(\n        seedColor: AppColors.primary,\n${…}${…}      ),\n	return	generateColorScheme	1	K-DART	emitted Dart code
src/tools/flutter/theme/colors/theme-generator.ts	template	  /// ${…}\n  static const Color ${…} = ${…};\n\n	binary(+=)	generateDartContent	1	K-DART	emitted Dart code
src/tools/flutter/theme/colors/theme-generator.ts	template	// Generated AppColors from a Figma frame of color samples\n\nimport 'package:flutter/material.dart';\n\nclass AppColors {\n	var(content)	generateDartContent	1	K-DART	emitted Dart code
src/tools/flutter/theme/colors/theme-generator.ts	template	// Generated Flutter ThemeData from a Figma frame of color samples\n\nimport 'package:flutter/material.dart';\n${…}\nclass AppTheme {\n  // Light Theme\n  stati	return	generateThemeDataContent	1	K-DART	emitted Dart code
src/tools/flutter/theme/colors/theme-generator.ts	template	import '${…}';\n	ternary	generateThemeDataContent	1	K-DART	emitted Dart code
src/tools/flutter/theme/colors/theme-generator.ts	template	}\n	binary(+=)	generateDartContent	1	K-DART	rule: Dart code template in a generator
src/tools/flutter/theme/colors/theme-tool.ts	number	0	binary(===)	registerThemeTools	1	K-CONV	rule: 0/1/-1 index, count, identity
src/tools/flutter/theme/colors/theme-tool.ts	number	0	binary(>)	registerThemeTools	5	K-CONV	rule: 0/1/-1 index, count, identity
src/tools/flutter/theme/colors/theme-tool.ts	number	0	binary(||)	registerThemeTools	1	K-CONV	rule: 0/1/-1 index, count, identity
src/tools/flutter/theme/colors/theme-tool.ts	number	0	index	registerThemeTools	1	K-CONV	rule: 0/1/-1 index, count, identity
src/tools/flutter/theme/colors/theme-tool.ts	number	1	binary(+)	registerThemeTools	2	K-CONV	rule: 0/1/-1 index, count, identity
src/tools/flutter/theme/colors/theme-tool.ts	number	1	binary(-)	registerThemeTools	1	K-CONV	rule: 0/1/-1 index, count, identity
src/tools/flutter/theme/colors/theme-tool.ts	string	, 	arg(textChildren.map(t => t.name).join)	registerThemeTools	1	K-TEXT	hand: report separator
src/tools/flutter/theme/colors/theme-tool.ts	string	Error extracting theme colors	arg(figmaTool)	registerThemeTools	1	K-TEXT	R8: error message text
src/tools/flutter/theme/colors/theme-tool.ts	string	Error inspecting frame	arg(figmaTool)	registerThemeTools	1	K-TEXT	R8: error message text
src/tools/flutter/theme/colors/theme-tool.ts	string	Extract Theme Colors from Frame	prop(title)	registerThemeTools	1	K-SCHEMA	rule: tool name / zod schema / description
src/tools/flutter/theme/colors/theme-tool.ts	string	Extract colors from a Figma frame of color samples with labels	prop(description)	registerThemeTools	1	K-SCHEMA	tool or parameter name, title or description
src/tools/flutter/theme/colors/theme-tool.ts	string	Figma file ID	arg(z.string().describe)	registerThemeTools	2	K-SCHEMA	rule: tool name / zod schema / description
src/tools/flutter/theme/colors/theme-tool.ts	string	Frame node ID to inspect	arg(z.string().describe)	registerThemeTools	1	K-SCHEMA	rule: tool name / zod schema / description
src/tools/flutter/theme/colors/theme-tool.ts	string	Generate Flutter ThemeData class (defaults to false)	arg(z.boolean().optional().describe)	registerThemeTools	1	K-SCHEMA	rule: tool name / zod schema / description
src/tools/flutter/theme/colors/theme-tool.ts	string	Inspect Color Frame	prop(title)	registerThemeTools	1	K-SCHEMA	tool or parameter name, title or description
src/tools/flutter/theme/colors/theme-tool.ts	string	Inspect the structure of a frame of color samples to understand its contents before extraction	prop(description)	registerThemeTools	1	K-SCHEMA	tool or parameter name, title or description
src/tools/flutter/theme/colors/theme-tool.ts	string	Node ID of the frame of color samples	arg(z.string().describe)	registerThemeTools	1	K-SCHEMA	tool or parameter name, title or description
src/tools/flutter/theme/colors/theme-tool.ts	string	Path to Flutter project (defaults to current directory)	arg(z.string().optional().describe)	registerThemeTools	1	K-SCHEMA	rule: tool name / zod schema / description
src/tools/flutter/theme/colors/theme-tool.ts	string	SOLID	binary(===)	registerThemeTools	1	K-API	rule: Figma node/paint type enum
src/tools/flutter/theme/colors/theme-tool.ts	string	TEXT	binary(===)	registerThemeTools	1	K-API	rule: Figma node/paint type enum
src/tools/flutter/theme/colors/theme-tool.ts	string	can	ternary	registerThemeTools	1	K-TEXT	rule: tool report / log text
src/tools/flutter/theme/colors/theme-tool.ts	string	cannot	ternary	registerThemeTools	1	K-TEXT	rule: tool report / log text
src/tools/flutter/theme/colors/theme-tool.ts	string	extract_theme_colors	arg(server.registerTool)	registerThemeTools	1	K-SCHEMA	rule: tool name / zod schema / description
src/tools/flutter/theme/colors/theme-tool.ts	string	inspect_color_frame	arg(server.registerTool)	registerThemeTools	1	K-SCHEMA	tool or parameter name, title or description
src/tools/flutter/theme/colors/theme-tool.ts	string	json	AssertEntry	(module)	1	K-API	file extension or encoding name
src/tools/flutter/theme/colors/theme-tool.ts	string	lib	arg(join)	registerThemeTools	1	F-FACT	lib folder written in code; removed by B3.80
src/tools/flutter/theme/colors/theme-tool.ts	string	primary	arg(constants.includes)	registerThemeTools	1	K-DART	Flutter ColorScheme role name; decision 16
src/tools/flutter/theme/colors/theme-tool.ts	string	text	prop(type)	registerThemeTools	5	K-API	rule: MCP content type
src/tools/flutter/theme/colors/theme-tool.ts	template	   Color: ${…}\n	binary(+=)	registerThemeTools	1	K-TEXT	rule: tool report / log text
src/tools/flutter/theme/colors/theme-tool.ts	template	   Text: ${…}\n	binary(+=)	registerThemeTools	1	K-TEXT	rule: tool report / log text
src/tools/flutter/theme/colors/theme-tool.ts	template	  // ... your app\n	binary(+=)	registerThemeTools	1	K-TEXT	rule: tool report / log text
src/tools/flutter/theme/colors/theme-tool.ts	template	  theme: AppTheme.lightTheme,\n	binary(+=)	registerThemeTools	1	K-TEXT	rule: tool report / log text
src/tools/flutter/theme/colors/theme-tool.ts	template	${…}. ${…} (${…})\n	binary(+=)	registerThemeTools	1	K-TEXT	rule: tool report / log text
src/tools/flutter/theme/colors/theme-tool.ts	template	${…}. ${…}: ${…}\n	binary(+=)	registerThemeTools	1	K-TEXT	rule: tool report / log text
src/tools/flutter/theme/colors/theme-tool.ts	template	)\n	binary(+=)	registerThemeTools	1	K-TEXT	rule: tool report / log text
src/tools/flutter/theme/colors/theme-tool.ts	template	// Colors:\n	binary(+=)	registerThemeTools	1	K-TEXT	rule: tool report / log text
src/tools/flutter/theme/colors/theme-tool.ts	template	Children: ${…}\n\n	binary(+=)	registerThemeTools	1	K-TEXT	rule: tool report / log text
src/tools/flutter/theme/colors/theme-tool.ts	template	Colors found: ${…}\n	binary(+=)	registerThemeTools	1	K-TEXT	rule: tool report / log text
src/tools/flutter/theme/colors/theme-tool.ts	template	Container(color: AppColors.${…})\n	binary(+=)	registerThemeTools	1	K-DART	emitted Dart code
src/tools/flutter/theme/colors/theme-tool.ts	template	Extracted Colors:\n	binary(+=)	registerThemeTools	1	K-TEXT	rule: tool report / log text
src/tools/flutter/theme/colors/theme-tool.ts	template	Frame Contents:\n	binary(+=)	registerThemeTools	1	K-TEXT	rule: tool report / log text
src/tools/flutter/theme/colors/theme-tool.ts	template	Frame Inspection Report\n\n	var(output)	registerThemeTools	1	K-TEXT	rule: tool report / log text
src/tools/flutter/theme/colors/theme-tool.ts	template	Frame Name: ${…}\n	binary(+=)	registerThemeTools	1	K-TEXT	rule: tool report / log text
src/tools/flutter/theme/colors/theme-tool.ts	template	Frame Type: ${…}\n	binary(+=)	registerThemeTools	1	K-TEXT	rule: tool report / log text
src/tools/flutter/theme/colors/theme-tool.ts	template	Frame is empty or has no children.\n	binary(+=)	registerThemeTools	1	K-TEXT	rule: tool report / log text
src/tools/flutter/theme/colors/theme-tool.ts	template	Frame with node ID "${…}" not found.	prop(text)	registerThemeTools	2	K-TEXT	rule: tool report / log text
src/tools/flutter/theme/colors/theme-tool.ts	template	Frame: ${…}\n	binary(+=)	registerThemeTools	1	K-TEXT	report, label, log or error text
src/tools/flutter/theme/colors/theme-tool.ts	template	Generated: ${…}\n	binary(+=)	registerThemeTools	1	K-TEXT	rule: tool report / log text
src/tools/flutter/theme/colors/theme-tool.ts	template	MaterialApp(\n	binary(+=)	registerThemeTools	1	K-TEXT	rule: tool report / log text
src/tools/flutter/theme/colors/theme-tool.ts	template	No colors found in frame "${…}". Make sure the frame contains color samples with text labels.	prop(text)	registerThemeTools	1	K-TEXT	report, label, log or error text
src/tools/flutter/theme/colors/theme-tool.ts	template	Node ID: ${…}\n	binary(+=)	registerThemeTools	2	K-TEXT	rule: tool report / log text
src/tools/flutter/theme/colors/theme-tool.ts	template	Successfully extracted theme colors!\n\n	var(output)	registerThemeTools	1	K-TEXT	rule: tool report / log text
src/tools/flutter/theme/colors/theme-tool.ts	template	Text('Hello', style: TextStyle(color: AppColors.${…}))\n	binary(+=)	registerThemeTools	1	K-DART	emitted Dart code
src/tools/flutter/theme/colors/theme-tool.ts	template	Theme Data: ${…}\n	binary(+=)	registerThemeTools	1	K-TEXT	rule: tool report / log text
src/tools/flutter/theme/colors/theme-tool.ts	template	\n	binary(+=)	registerThemeTools	1	K-TEXT	rule: tool report / log text
src/tools/flutter/theme/colors/theme-tool.ts	template	\n// Theme:\n	binary(+=)	registerThemeTools	1	K-TEXT	rule: tool report / log text
src/tools/flutter/theme/colors/theme-tool.ts	template	\nGenerated Files:\n	binary(+=)	registerThemeTools	1	K-TEXT	rule: tool report / log text
src/tools/flutter/theme/colors/theme-tool.ts	template	\nNote: No color named primary: no ColorScheme was generated, only the named colors.\n	binary(+=)	registerThemeTools	1	K-DART	emitted Dart code
src/tools/flutter/theme/colors/theme-tool.ts	template	\nNote: not generated: "${…}" (${…}): ${…}.\n	binary(+=)	registerThemeTools	1	K-TEXT	report, label, log or error text
src/tools/flutter/theme/colors/theme-tool.ts	template	\nNote: the variables endpoint refused or failed, so swatches bound to a variable are named by the variable id.\n	binary(+=)	registerThemeTools	1	K-TEXT	report, label, log or error text
src/tools/flutter/theme/colors/theme-tool.ts	template	\nThis frame ${…} be used for theme color extraction.\n	binary(+=)	registerThemeTools	1	K-TEXT	rule: tool report / log text
src/tools/flutter/theme/colors/theme-tool.ts	template	\nUsage Examples:\n	binary(+=)	registerThemeTools	1	K-TEXT	rule: tool report / log text
src/tools/flutter/theme/colors/theme-tool.ts	template	• ${…} - Color constants\n	binary(+=)	registerThemeTools	1	K-TEXT	report, label, log or error text
src/tools/flutter/theme/colors/theme-tool.ts	template	• ${…} - Flutter ThemeData\n	binary(+=)	registerThemeTools	1	K-DART	emitted Dart code
src/tools/flutter/theme/typography/typography-generator.ts	number	0	binary(>)	generateAppText	1	K-CONV	index, count, midpoint or identity element
src/tools/flutter/theme/typography/typography-generator.ts	number	0	index	typographyConstants	1	K-CONV	index, count, midpoint or identity element
src/tools/flutter/theme/typography/typography-generator.ts	number	1	binary(===)	typographyConstants	1	K-CONV	index, count, midpoint or identity element
src/tools/flutter/theme/typography/typography-generator.ts	number	1	binary(>)	typographyConstants	1	K-CONV	index, count, midpoint or identity element
src/tools/flutter/theme/typography/typography-generator.ts	regex	/\s+/g	arg(style.name.replace)	generateAppTextClass	1	K-SCHEMA	sanitising or parsing regex
src/tools/flutter/theme/typography/typography-generator.ts	string	 	arg(style.name.replace)	generateAppTextClass	1	K-TEXT	report, label, log or error text
src/tools/flutter/theme/typography/typography-generator.ts	string	AppText - Typography styles for the app	arg(this.generateFileHeader)	generateAppTextClass	1	K-DART	rule: Dart code template in a generator
src/tools/flutter/theme/typography/typography-generator.ts	string	TextTheme - Material Design text theme	arg(this.generateFileHeader)	generateTextThemeClass	1	K-DART	rule: Dart code template in a generator
src/tools/flutter/theme/typography/typography-generator.ts	string	import 'package:flutter/material.dart';\n	binary(+=)	generateTextThemeClass	1	K-DART	rule: Dart code template in a generator
src/tools/flutter/theme/typography/typography-generator.ts	string	json	AssertEntry	(module)	1	K-API	file extension or encoding name
src/tools/flutter/theme/typography/typography-generator.ts	string	style	arg(nameConstants)	typographyConstants	1	K-DART	prefix for a generated Dart identifier
src/tools/flutter/theme/typography/typography-generator.ts	string	}\n	binary(+=)	generateAppTextClass	1	K-DART	rule: Dart code template in a generator
src/tools/flutter/theme/typography/typography-generator.ts	string	}\n	binary(+=)	generateTextThemeClass	1	K-DART	rule: Dart code template in a generator
src/tools/flutter/theme/typography/typography-generator.ts	template	      ${…}: AppText.${…},\n	binary(+=)	generateTextThemeClass	1	K-DART	rule: Dart code template in a generator
src/tools/flutter/theme/typography/typography-generator.ts	template	    );\n	binary(+=)	generateTextThemeClass	1	K-DART	rule: Dart code template in a generator
src/tools/flutter/theme/typography/typography-generator.ts	template	    return TextTheme(\n	binary(+=)	generateTextThemeClass	1	K-DART	rule: Dart code template in a generator
src/tools/flutter/theme/typography/typography-generator.ts	template	  /// ${…}\n	binary(+=)	generateAppTextClass	1	K-DART	emitted Dart code
src/tools/flutter/theme/typography/typography-generator.ts	template	  /// Get Material Design text theme\n	binary(+=)	generateTextThemeClass	1	K-DART	rule: Dart code template in a generator
src/tools/flutter/theme/typography/typography-generator.ts	template	  AppText._();\n\n	binary(+=)	generateAppTextClass	1	K-DART	emitted Dart code
src/tools/flutter/theme/typography/typography-generator.ts	template	  AppTextTheme._();\n\n	binary(+=)	generateTextThemeClass	1	K-DART	rule: Dart code template in a generator
src/tools/flutter/theme/typography/typography-generator.ts	template	  static TextTheme get textTheme {\n	binary(+=)	generateTextThemeClass	1	K-DART	rule: Dart code template in a generator
src/tools/flutter/theme/typography/typography-generator.ts	template	  static const TextStyle ${…} = ${…};\n\n	binary(+=)	generateAppTextClass	1	K-DART	emitted Dart code
src/tools/flutter/theme/typography/typography-generator.ts	template	  }\n	binary(+=)	generateTextThemeClass	1	K-DART	rule: Dart code template in a generator
src/tools/flutter/theme/typography/typography-generator.ts	template	// ${…}\n// Generated on ${…}\n// This file was automatically generated from Figma design system\n\n	return	generateFileHeader	1	K-DART	rule: Dart code template in a generator
src/tools/flutter/theme/typography/typography-generator.ts	template	/// Generated from Figma design system\n	binary(+=)	generateAppTextClass	1	K-DART	rule: Dart code template in a generator
src/tools/flutter/theme/typography/typography-generator.ts	template	/// Generated from Figma design system\n	binary(+=)	generateTextThemeClass	1	K-DART	rule: Dart code template in a generator
src/tools/flutter/theme/typography/typography-generator.ts	template	/// Material Design text theme\n	binary(+=)	generateTextThemeClass	1	K-DART	rule: Dart code template in a generator
src/tools/flutter/theme/typography/typography-generator.ts	template	/// Typography styles for the app\n	binary(+=)	generateAppTextClass	1	K-DART	rule: Dart code template in a generator
src/tools/flutter/theme/typography/typography-generator.ts	template	class AppText {\n	binary(+=)	generateAppTextClass	1	K-DART	emitted Dart code
src/tools/flutter/theme/typography/typography-generator.ts	template	class AppTextTheme {\n	binary(+=)	generateTextThemeClass	1	K-DART	rule: Dart code template in a generator
src/tools/flutter/theme/typography/typography-generator.ts	template	import '${…}';\n\n	binary(+=)	generateTextThemeClass	1	K-DART	emitted Dart code
src/tools/flutter/theme/typography/typography-generator.ts	template	import 'package:flutter/material.dart';\n\n	binary(+=)	generateAppTextClass	1	K-DART	emitted Dart code
src/tools/flutter/theme/typography/typography-tool.ts	number	0	binary(===)	registerTypographyTools	2	K-CONV	rule: 0/1/-1 index, count, identity
src/tools/flutter/theme/typography/typography-tool.ts	number	0	binary(>)	registerTypographyTools	7	K-CONV	rule: 0/1/-1 index, count, identity
src/tools/flutter/theme/typography/typography-tool.ts	number	0	binary(||)	registerTypographyTools	1	K-CONV	rule: 0/1/-1 index, count, identity
src/tools/flutter/theme/typography/typography-tool.ts	number	0	index	registerTypographyTools	1	K-CONV	rule: 0/1/-1 index, count, identity
src/tools/flutter/theme/typography/typography-tool.ts	number	0	var(textNodesFound)	registerTypographyTools	1	K-CONV	rule: 0/1/-1 index, count, identity
src/tools/flutter/theme/typography/typography-tool.ts	number	1	binary(+)	registerTypographyTools	2	K-CONV	rule: 0/1/-1 index, count, identity
src/tools/flutter/theme/typography/typography-tool.ts	string	 and 	arg(ing.map(style => `"${style.name}"`).join)	registerTypographyTools	1	K-TEXT	report, label, log or error text
src/tools/flutter/theme/typography/typography-tool.ts	string	, 	arg(style.unsupported.join)	registerTypographyTools	1	K-TEXT	report, label, log or error text
src/tools/flutter/theme/typography/typography-tool.ts	string	, 	arg(unfilled.join)	registerTypographyTools	1	K-TEXT	report, label, log or error text
src/tools/flutter/theme/typography/typography-tool.ts	string	Error extracting theme typography	arg(figmaTool)	registerTypographyTools	1	K-TEXT	R8: error message text
src/tools/flutter/theme/typography/typography-tool.ts	string	Error inspecting frame	arg(figmaTool)	registerTypographyTools	1	K-TEXT	R8: error message text
src/tools/flutter/theme/typography/typography-tool.ts	string	Extract Theme Typography from Frame	prop(title)	registerTypographyTools	1	K-SCHEMA	rule: tool name / zod schema / description
src/tools/flutter/theme/typography/typography-tool.ts	string	Extract typography styles from a Figma frame of text samples with different styles	prop(description)	registerTypographyTools	1	K-SCHEMA	tool or parameter name, title or description
src/tools/flutter/theme/typography/typography-tool.ts	string	Figma file ID	arg(z.string().describe)	registerTypographyTools	2	K-SCHEMA	rule: tool name / zod schema / description
src/tools/flutter/theme/typography/typography-tool.ts	string	Frame node ID to inspect	arg(z.string().describe)	registerTypographyTools	1	K-SCHEMA	rule: tool name / zod schema / description
src/tools/flutter/theme/typography/typography-tool.ts	string	Generate Flutter TextTheme class (defaults to false)	arg(z.boolean().optional().describe)	registerTypographyTools	1	K-SCHEMA	rule: tool name / zod schema / description
src/tools/flutter/theme/typography/typography-tool.ts	string	Inspect Text Style Frame	prop(title)	registerTypographyTools	1	K-SCHEMA	tool or parameter name, title or description
src/tools/flutter/theme/typography/typography-tool.ts	string	Inspect the structure of a frame of text samples to understand its text contents before extraction	prop(description)	registerTypographyTools	1	K-SCHEMA	tool or parameter name, title or description
src/tools/flutter/theme/typography/typography-tool.ts	string	Node ID of the frame of text samples	arg(z.string().describe)	registerTypographyTools	1	K-SCHEMA	tool or parameter name, title or description
src/tools/flutter/theme/typography/typography-tool.ts	string	Path to Flutter project (defaults to current directory)	arg(z.string().optional().describe)	registerTypographyTools	1	K-SCHEMA	rule: tool name / zod schema / description
src/tools/flutter/theme/typography/typography-tool.ts	string	TEXT	binary(===)	findTextNodes	1	K-API	rule: Figma node/paint type enum
src/tools/flutter/theme/typography/typography-tool.ts	string	TEXT	binary(===)	registerTypographyTools	2	K-API	rule: Figma node/paint type enum
src/tools/flutter/theme/typography/typography-tool.ts	string	can	ternary	registerTypographyTools	1	K-TEXT	rule: tool report / log text
src/tools/flutter/theme/typography/typography-tool.ts	string	cannot	ternary	registerTypographyTools	1	K-TEXT	rule: tool report / log text
src/tools/flutter/theme/typography/typography-tool.ts	string	extract_theme_typography	arg(server.registerTool)	registerTypographyTools	1	K-SCHEMA	rule: tool name / zod schema / description
src/tools/flutter/theme/typography/typography-tool.ts	string	inspect_text_style_frame	arg(server.registerTool)	registerTypographyTools	1	K-SCHEMA	tool or parameter name, title or description
src/tools/flutter/theme/typography/typography-tool.ts	string	json	AssertEntry	(module)	1	K-API	file extension or encoding name
src/tools/flutter/theme/typography/typography-tool.ts	string	lib	arg(join)	registerTypographyTools	1	F-FACT	lib folder written in code; removed by B3.80
src/tools/flutter/theme/typography/typography-tool.ts	string	not set by Figma	binary(??)	registerTypographyTools	5	K-TEXT	report, label, log or error text
src/tools/flutter/theme/typography/typography-tool.ts	string	not set by Figma	ternary	registerTypographyTools	2	K-TEXT	report, label, log or error text
src/tools/flutter/theme/typography/typography-tool.ts	string	text	prop(type)	registerTypographyTools	5	K-API	rule: MCP content type
src/tools/flutter/theme/typography/typography-tool.ts	template	    textTheme: AppTextTheme.textTheme,\n	binary(+=)	registerTypographyTools	1	K-TEXT	rule: tool report / log text
src/tools/flutter/theme/typography/typography-tool.ts	template	   Contains ${…} text node(s)\n	binary(+=)	registerTypographyTools	1	K-TEXT	rule: tool report / log text
src/tools/flutter/theme/typography/typography-tool.ts	template	   Font: ${…}\n	binary(+=)	registerTypographyTools	2	K-TEXT	rule: tool report / log text
src/tools/flutter/theme/typography/typography-tool.ts	template	   Height: ${…}\n	binary(+=)	registerTypographyTools	1	K-TEXT	report, label, log or error text
src/tools/flutter/theme/typography/typography-tool.ts	template	   Letter Spacing: ${…}px\n	binary(+=)	registerTypographyTools	2	K-TEXT	rule: tool report / log text
src/tools/flutter/theme/typography/typography-tool.ts	template	   Line Height: ${…}px\n	binary(+=)	registerTypographyTools	1	K-TEXT	rule: tool report / log text
src/tools/flutter/theme/typography/typography-tool.ts	template	   Not in a Flutter TextStyle: ${…}\n	binary(+=)	registerTypographyTools	1	K-DART	emitted Dart code
src/tools/flutter/theme/typography/typography-tool.ts	template	   Size: ${…}\n	binary(+=)	registerTypographyTools	2	K-TEXT	report, label, log or error text
src/tools/flutter/theme/typography/typography-tool.ts	template	   Weight: ${…}\n	binary(+=)	registerTypographyTools	2	K-TEXT	rule: tool report / log text
src/tools/flutter/theme/typography/typography-tool.ts	template	  ),\n	binary(+=)	registerTypographyTools	1	K-TEXT	rule: tool report / log text
src/tools/flutter/theme/typography/typography-tool.ts	template	  // ... your app\n	binary(+=)	registerTypographyTools	1	K-TEXT	rule: tool report / log text
src/tools/flutter/theme/typography/typography-tool.ts	template	  theme: ThemeData(\n	binary(+=)	registerTypographyTools	1	K-TEXT	rule: tool report / log text
src/tools/flutter/theme/typography/typography-tool.ts	template	"${…}"	ArrowFunction	registerTypographyTools	1	K-TEXT	report, label, log or error text
src/tools/flutter/theme/typography/typography-tool.ts	template	${…}. ${…} (${…})\n	binary(+=)	registerTypographyTools	1	K-TEXT	rule: tool report / log text
src/tools/flutter/theme/typography/typography-tool.ts	template	${…}. ${…}:\n	binary(+=)	registerTypographyTools	1	K-TEXT	rule: tool report / log text
src/tools/flutter/theme/typography/typography-tool.ts	template	${…}px	ternary	registerTypographyTools	2	K-TEXT	report, label, log or error text
src/tools/flutter/theme/typography/typography-tool.ts	template	)\n	binary(+=)	registerTypographyTools	1	K-TEXT	rule: tool report / log text
src/tools/flutter/theme/typography/typography-tool.ts	template	// Typography:\n	binary(+=)	registerTypographyTools	1	K-TEXT	rule: tool report / log text
src/tools/flutter/theme/typography/typography-tool.ts	template	Children: ${…}\n\n	binary(+=)	registerTypographyTools	1	K-TEXT	rule: tool report / log text
src/tools/flutter/theme/typography/typography-tool.ts	template	Extracted Typography Styles:\n	binary(+=)	registerTypographyTools	1	K-TEXT	rule: tool report / log text
src/tools/flutter/theme/typography/typography-tool.ts	template	Frame Contents:\n	binary(+=)	registerTypographyTools	1	K-TEXT	rule: tool report / log text
src/tools/flutter/theme/typography/typography-tool.ts	template	Frame Name: ${…}\n	binary(+=)	registerTypographyTools	1	K-TEXT	rule: tool report / log text
src/tools/flutter/theme/typography/typography-tool.ts	template	Frame Type: ${…}\n	binary(+=)	registerTypographyTools	1	K-TEXT	rule: tool report / log text
src/tools/flutter/theme/typography/typography-tool.ts	template	Frame is empty or has no children.\n	binary(+=)	registerTypographyTools	1	K-TEXT	rule: tool report / log text
src/tools/flutter/theme/typography/typography-tool.ts	template	Frame with node ID "${…}" not found.	prop(text)	registerTypographyTools	2	K-TEXT	rule: tool report / log text
src/tools/flutter/theme/typography/typography-tool.ts	template	Frame: ${…}\n	binary(+=)	registerTypographyTools	1	K-TEXT	report, label, log or error text
src/tools/flutter/theme/typography/typography-tool.ts	template	Generated: ${…}\n	binary(+=)	registerTypographyTools	1	K-TEXT	rule: tool report / log text
src/tools/flutter/theme/typography/typography-tool.ts	template	MaterialApp(\n	binary(+=)	registerTypographyTools	1	K-TEXT	rule: tool report / log text
src/tools/flutter/theme/typography/typography-tool.ts	template	No typography styles found in frame "${…}". Make sure the frame contains text nodes with different styles.	prop(text)	registerTypographyTools	1	K-TEXT	report, label, log or error text
src/tools/flutter/theme/typography/typography-tool.ts	template	Node ID: ${…}\n	binary(+=)	registerTypographyTools	2	K-TEXT	rule: tool report / log text
src/tools/flutter/theme/typography/typography-tool.ts	template	Note: ${…} both equal the TextTheme slot ${…}: not filled.\n	binary(+=)	registerTypographyTools	1	K-TEXT	report, label, log or error text
src/tools/flutter/theme/typography/typography-tool.ts	template	Note: No style name equals a TextTheme slot: no TextTheme was generated.\n	binary(+=)	registerTypographyTools	1	K-TEXT	report, label, log or error text
src/tools/flutter/theme/typography/typography-tool.ts	template	Note: not generated: "${…}": ${…}.\n	binary(+=)	registerTypographyTools	1	K-TEXT	report, label, log or error text
src/tools/flutter/theme/typography/typography-tool.ts	template	Successfully extracted theme typography!\n\n	var(output)	registerTypographyTools	1	K-TEXT	rule: tool report / log text
src/tools/flutter/theme/typography/typography-tool.ts	template	Text Style Frame Inspection Report\n\n	var(output)	registerTypographyTools	1	K-TEXT	report, label, log or error text
src/tools/flutter/theme/typography/typography-tool.ts	template	Text Theme: ${…}\n	binary(+=)	registerTypographyTools	1	K-TEXT	rule: tool report / log text
src/tools/flutter/theme/typography/typography-tool.ts	template	Text('Hello World', style: AppText.${…})\n	binary(+=)	registerTypographyTools	1	K-TEXT	rule: tool report / log text
src/tools/flutter/theme/typography/typography-tool.ts	template	Typography styles found: ${…}\n	binary(+=)	registerTypographyTools	1	K-TEXT	rule: tool report / log text
src/tools/flutter/theme/typography/typography-tool.ts	template	Unfilled TextTheme slots: ${…}\n	binary(+=)	registerTypographyTools	1	K-TEXT	report, label, log or error text
src/tools/flutter/theme/typography/typography-tool.ts	template	\n	binary(+=)	registerTypographyTools	2	K-TEXT	rule: tool report / log text
src/tools/flutter/theme/typography/typography-tool.ts	template	\n// Material Design Theme:\n	binary(+=)	registerTypographyTools	1	K-TEXT	rule: tool report / log text
src/tools/flutter/theme/typography/typography-tool.ts	template	\nGenerated Files:\n	binary(+=)	registerTypographyTools	1	K-TEXT	report, label, log or error text
src/tools/flutter/theme/typography/typography-tool.ts	template	\nText nodes found: ${…}\n	binary(+=)	registerTypographyTools	1	K-TEXT	rule: tool report / log text
src/tools/flutter/theme/typography/typography-tool.ts	template	\nThis frame ${…} be used for typography extraction.\n	binary(+=)	registerTypographyTools	1	K-TEXT	rule: tool report / log text
src/tools/flutter/theme/typography/typography-tool.ts	template	\nUsage Examples:\n	binary(+=)	registerTypographyTools	1	K-TEXT	rule: tool report / log text
src/tools/flutter/theme/typography/typography-tool.ts	template	• ${…} - Material Design TextTheme\n	binary(+=)	registerTypographyTools	1	K-TEXT	report, label, log or error text
src/tools/flutter/theme/typography/typography-tool.ts	template	• ${…} - Typography style constants\n	binary(+=)	registerTypographyTools	1	K-TEXT	report, label, log or error text
src/tools/flutter/visual-context.ts	number	0	binary(>)	generateComponentImplementationHints	2	K-CONV	bulk: identity/halving/index/8-bit/hex radix (visual-context.ts:448)
src/tools/flutter/visual-context.ts	number	0	binary(>)	generateComponentPatternDescription	3	K-CONV	bulk: identity/halving/index/8-bit/hex radix (visual-context.ts:358)
src/tools/flutter/visual-context.ts	number	0	binary(>)	generateComponentSpatialDescription	1	K-CONV	bulk: identity/halving/index/8-bit/hex radix (visual-context.ts:260)
src/tools/flutter/visual-context.ts	number	0	index	generateComponentPatternDescription	1	K-CONV	bulk: identity/halving/index/8-bit/hex radix (visual-context.ts:359)
src/tools/flutter/visual-context.ts	number	50	arg('='.repeat)	generateComponentVisualContext	1	K-TEXT	bulk: banner rule width, cosmetic (visual-context.ts:15)
src/tools/flutter/visual-context.ts	number	55	arg('='.repeat)	generateScreenVisualContext	1	K-TEXT	bulk: banner rule width, cosmetic (visual-context.ts:67)
src/tools/flutter/visual-context.ts	string		var(description)	generateComponentSpatialDescription	1	K-CONV	bulk: empty-string identity (visual-context.ts:227)
src/tools/flutter/visual-context.ts	string		var(hints)	generateComponentImplementationHints	1	K-CONV	bulk: empty-string identity (visual-context.ts:428)
src/tools/flutter/visual-context.ts	string		var(patterns)	generateComponentPatternDescription	1	K-CONV	bulk: empty-string identity (visual-context.ts:347)
src/tools/flutter/visual-context.ts	string	   • 	arg(formatBreakpointLines)	generateScreenVisualContext	1	K-TEXT	report, label, log or error text
src/tools/flutter/visual-context.ts	string	=	PropertyAccessExpression	generateComponentVisualContext	1	K-TEXT	bulk: report/log text with no design fact (visual-context.ts:15)
src/tools/flutter/visual-context.ts	string	=	PropertyAccessExpression	generateScreenVisualContext	1	K-TEXT	bulk: report/log text with no design fact (visual-context.ts:67)
src/tools/flutter/visual-context.ts	string	Column	ternary	generateComponentImplementationHints	1	K-DART	bulk: Flutter widget name (visual-context.ts:432)
src/tools/flutter/visual-context.ts	string	Row	ternary	generateComponentImplementationHints	1	K-DART	bulk: Flutter widget name (visual-context.ts:432)
src/tools/flutter/visual-context.ts	string	TEXT	binary(===)	generateComponentImplementationHints	1	K-API	bulk: Figma REST node type / enum value (visual-context.ts:447)
src/tools/flutter/visual-context.ts	string	TEXT	binary(===)	generateComponentPatternDescription	1	K-API	bulk: Figma REST node type / enum value (visual-context.ts:379)
src/tools/flutter/visual-context.ts	string	auto-layout	binary(===)	generateComponentAsciiLayout	1	K-SCHEMA	bulk: our own section/semantic/device enum value (visual-context.ts:146)
src/tools/flutter/visual-context.ts	string	auto-layout	binary(===)	generateComponentImplementationHints	1	K-SCHEMA	bulk: our own section/semantic/device enum value (visual-context.ts:431)
src/tools/flutter/visual-context.ts	string	auto-layout	binary(===)	generateComponentSpatialDescription	1	K-SCHEMA	bulk: our own section/semantic/device enum value (visual-context.ts:230)
src/tools/flutter/visual-context.ts	string	horizontal	binary(===)	generateComponentAsciiLayout	1	K-SCHEMA	bulk: our own section/semantic/device enum value (visual-context.ts:147)
src/tools/flutter/visual-context.ts	string	horizontal	binary(===)	generateComponentImplementationHints	1	K-SCHEMA	bulk: our own section/semantic/device enum value (visual-context.ts:432)
src/tools/flutter/visual-context.ts	string	number	binary(===)	generateComponentPatternDescription	1	K-API	bulk: JS typeof result (visual-context.ts:364)
src/tools/flutter/visual-context.ts	string	↔	ternary	generateComponentAsciiLayout	1	K-TEXT	bulk: report/log text with no design fact (visual-context.ts:147)
src/tools/flutter/visual-context.ts	string	↕	ternary	generateComponentAsciiLayout	1	K-TEXT	bulk: report/log text with no design fact (visual-context.ts:147)
src/tools/flutter/visual-context.ts	template	   Use this to verify your implementation matches the intended visual design.\n	binary(+=)	generateScreenVisualContext	1	K-TEXT	bulk: report/log text with no design fact (visual-context.ts:115)
src/tools/flutter/visual-context.ts	template	   View the original design at: ${…}\n	binary(+=)	generateScreenVisualContext	1	K-TEXT	bulk: report/log text with no design fact (visual-context.ts:114)
src/tools/flutter/visual-context.ts	template	   • Border radius: ${…}\n	binary(+=)	generateComponentPatternDescription	1	K-TEXT	report, label, log or error text
src/tools/flutter/visual-context.ts	template	   • Component composition: ${…}/${…} nested components\n	binary(+=)	generateComponentPatternDescription	1	K-TEXT	bulk: report/log text with no design fact (visual-context.ts:374)
src/tools/flutter/visual-context.ts	template	   • Component structure: Break down ${…} nested components\n	binary(+=)	generateComponentImplementationHints	1	K-TEXT	bulk: report/log text with no design fact (visual-context.ts:455)
src/tools/flutter/visual-context.ts	template	   • Component: ${…}\n	binary(+=)	generateComponentVisualContext	1	K-TEXT	bulk: report/log text with no design fact (visual-context.ts:24)
src/tools/flutter/visual-context.ts	template	   • Contains ${…} child layers\n	binary(+=)	generateComponentSpatialDescription	1	K-TEXT	report, label, log or error text
src/tools/flutter/visual-context.ts	template	   • Content balance: ${…} text, ${…} visual elements\n	binary(+=)	generateComponentPatternDescription	1	K-TEXT	bulk: report/log text with no design fact (visual-context.ts:381)
src/tools/flutter/visual-context.ts	template	   • Cross-axis alignment: ${…}\n	binary(+=)	generateComponentSpatialDescription	1	K-TEXT	bulk: report/log text with no design fact (visual-context.ts:238)
src/tools/flutter/visual-context.ts	template	   • Element spacing: ${…}px\n	binary(+=)	generateComponentSpatialDescription	1	K-TEXT	report, label, log or error text
src/tools/flutter/visual-context.ts	template	   • Figma URL: ${…}\n	binary(+=)	generateComponentVisualContext	1	K-TEXT	bulk: report/log text with no design fact (visual-context.ts:20)
src/tools/flutter/visual-context.ts	template	   • Figma URL: ${…}\n	binary(+=)	generateScreenVisualContext	1	K-TEXT	bulk: report/log text with no design fact (visual-context.ts:72)
src/tools/flutter/visual-context.ts	template	   • First fill: ${…}\n	binary(+=)	generateComponentPatternDescription	1	K-TEXT	report, label, log or error text
src/tools/flutter/visual-context.ts	template	   • Internal padding: ${…}px ${…}px ${…}px ${…}px (TRBL)\n	binary(+=)	generateComponentSpatialDescription	1	K-TEXT	bulk: report/log text with no design fact (visual-context.ts:255)
src/tools/flutter/visual-context.ts	template	   • Internal padding: ${…}px uniform\n	binary(+=)	generateComponentSpatialDescription	1	K-TEXT	bulk: report/log text with no design fact (visual-context.ts:253)
src/tools/flutter/visual-context.ts	template	   • Layout flow: ${…} auto-layout\n	binary(+=)	generateComponentSpatialDescription	1	K-TEXT	bulk: report/log text with no design fact (visual-context.ts:231)
src/tools/flutter/visual-context.ts	template	   • Layout flow: absolute positioning\n	binary(+=)	generateComponentSpatialDescription	1	K-TEXT	bulk: report/log text with no design fact (visual-context.ts:246)
src/tools/flutter/visual-context.ts	template	   • Layout type: ${…}\n	binary(+=)	generateComponentPatternDescription	1	K-TEXT	bulk: report/log text with no design fact (visual-context.ts:350)
src/tools/flutter/visual-context.ts	template	   • Main container: Use ${…}() for ${…} layout\n	binary(+=)	generateComponentImplementationHints	1	K-TEXT	bulk: report/log text with no design fact (visual-context.ts:433)
src/tools/flutter/visual-context.ts	template	   • Main container: Use Stack() or Container() for absolute positioning\n	binary(+=)	generateComponentImplementationHints	1	K-TEXT	bulk: report/log text with no design fact (visual-context.ts:438)
src/tools/flutter/visual-context.ts	template	   • Main-axis alignment: ${…}\n	binary(+=)	generateComponentSpatialDescription	1	K-TEXT	bulk: report/log text with no design fact (visual-context.ts:243)
src/tools/flutter/visual-context.ts	template	   • Node ID: ${…}\n	binary(+=)	generateComponentVisualContext	1	K-TEXT	bulk: report/log text with no design fact (visual-context.ts:22)
src/tools/flutter/visual-context.ts	template	   • Node ID: ${…}\n	binary(+=)	generateScreenVisualContext	1	K-TEXT	bulk: report/log text with no design fact (visual-context.ts:74)
src/tools/flutter/visual-context.ts	template	   • Screen: ${…}\n	binary(+=)	generateScreenVisualContext	1	K-TEXT	bulk: report/log text with no design fact (visual-context.ts:76)
src/tools/flutter/visual-context.ts	template	   • Spacing: ${…}px\n	binary(+=)	generateComponentPatternDescription	1	K-TEXT	report, label, log or error text
src/tools/flutter/visual-context.ts	template	   • Styling: Implement BoxDecoration for visual styling\n	binary(+=)	generateComponentImplementationHints	1	K-TEXT	bulk: report/log text with no design fact (visual-context.ts:443)
src/tools/flutter/visual-context.ts	template	   • Text elements: ${…} Text() widgets with custom styling\n	binary(+=)	generateComponentImplementationHints	1	K-TEXT	bulk: report/log text with no design fact (visual-context.ts:449)
src/tools/flutter/visual-context.ts	template	   • Type: ${…}\n\n	binary(+=)	generateComponentVisualContext	1	K-TEXT	bulk: report/log text with no design fact (visual-context.ts:25)
src/tools/flutter/visual-context.ts	template	${…}\n\n	binary(+=)	generateComponentVisualContext	1	K-TEXT	bulk: report/log text with no design fact (visual-context.ts:15)
src/tools/flutter/visual-context.ts	template	${…}\n\n	binary(+=)	generateScreenVisualContext	1	K-TEXT	bulk: report/log text with no design fact (visual-context.ts:67)
src/tools/flutter/visual-context.ts	template	${…}px	ternary	generateComponentPatternDescription	1	K-TEXT	report, label, log or error text
src/tools/flutter/visual-context.ts	template	${…}px ${…}px ${…}px ${…}px	ternary	generateComponentPatternDescription	1	K-TEXT	report, label, log or error text
src/tools/flutter/visual-context.ts	template	Dimensions: ${…}×${…}px\n	var(ascii)	generateComponentAsciiLayout	1	K-TEXT	bulk: report/log text with no design fact (visual-context.ts:143)
src/tools/flutter/visual-context.ts	template	Layout: Auto-layout ${…} (${…})\n	binary(+=)	generateComponentAsciiLayout	1	K-TEXT	bulk: report/log text with no design fact (visual-context.ts:148)
src/tools/flutter/visual-context.ts	template	Spacing: ${…}px\n	binary(+=)	generateComponentAsciiLayout	1	K-TEXT	bulk: report/log text with no design fact (visual-context.ts:150)
src/tools/flutter/visual-context.ts	template	\n	binary(+=)	generateComponentVisualContext	3	K-TEXT	bulk: report/log text with no design fact (visual-context.ts:31)
src/tools/flutter/visual-context.ts	template	\n	binary(+=)	generateScreenVisualContext	1	K-TEXT	bulk: report/log text with no design fact (visual-context.ts:83)
src/tools/flutter/visual-context.ts	template	🎨 Design Reference:\n	binary(+=)	generateComponentVisualContext	1	K-TEXT	bulk: report/log text with no design fact (visual-context.ts:19)
src/tools/flutter/visual-context.ts	template	🎨 Design Reference:\n	binary(+=)	generateScreenVisualContext	1	K-TEXT	bulk: report/log text with no design fact (visual-context.ts:71)
src/tools/flutter/visual-context.ts	template	🎯 Visual Design Patterns:\n	binary(+=)	generateComponentVisualContext	1	K-TEXT	bulk: report/log text with no design fact (visual-context.ts:39)
src/tools/flutter/visual-context.ts	template	💡 Implementation Guidance:\n	binary(+=)	generateComponentVisualContext	1	K-TEXT	bulk: report/log text with no design fact (visual-context.ts:44)
src/tools/flutter/visual-context.ts	template	📍 Spatial Relationships:\n	binary(+=)	generateComponentVisualContext	1	K-TEXT	bulk: report/log text with no design fact (visual-context.ts:34)
src/tools/flutter/visual-context.ts	template	📏 Layout Structure:\n	binary(+=)	generateComponentVisualContext	1	K-TEXT	bulk: report/log text with no design fact (visual-context.ts:29)
src/tools/flutter/visual-context.ts	template	📐 Layout map for AI Implementation:\n	var(context)	generateComponentVisualContext	1	K-TEXT	report, label, log or error text
src/tools/flutter/visual-context.ts	template	📱 Screen layout map for AI Implementation:\n	var(context)	generateScreenVisualContext	1	K-TEXT	report, label, log or error text
src/tools/flutter/visual-context.ts	template	🔗 Reference for Verification:\n	binary(+=)	generateScreenVisualContext	1	K-TEXT	report, label, log or error text
src/tools/index.ts	string	  🎨 Theme tools - Colors, Typography	arg(Logger.diag)	registerAllTools	1	K-TEXT	rule: index.ts registration logs
src/tools/index.ts	string	  🏞️ Export assets - Images, SVGs	arg(Logger.diag)	registerAllTools	1	K-TEXT	rule: index.ts registration logs
src/tools/index.ts	string	  📝 Typography tools - Fonts, Sizes	arg(Logger.diag)	registerAllTools	1	K-TEXT	rule: index.ts registration logs
src/tools/index.ts	string	  🔑 Core tools - ff_get_metadata, ff_get_screenshot, ff_get_design_context, ff_get_variable_defs	arg(Logger.diag)	registerAllTools	1	K-TEXT	rule: index.ts registration logs
src/tools/index.ts	string	  🚀 Flutter tools - Widgets, Screens	arg(Logger.diag)	registerAllTools	1	K-TEXT	rule: index.ts registration logs
src/tools/index.ts	string	  🧪 Testing tools - Golden file tests	arg(Logger.diag)	registerAllTools	1	K-TEXT	report, label, log or error text
src/tools/index.ts	string	📋 Registered tool categories:	arg(Logger.diag)	registerAllTools	1	K-TEXT	rule: index.ts registration logs
src/tools/index.ts	string	🛠️ Tools Debug - All tools registration complete	arg(console.error)	registerAllTools	1	K-TEXT	rule: index.ts registration logs
src/tools/index.ts	string	🛠️ Tools Debug - Core Figma tools registered (ff_get_metadata, ff_get_screenshot, ff_get_design_context, ff_get_variable_defs)	arg(console.error)	registerAllTools	1	K-TEXT	rule: index.ts registration logs
src/tools/index.ts	string	🛠️ Tools Debug - Flutter tools registered	arg(console.error)	registerAllTools	1	K-TEXT	rule: index.ts registration logs
src/tools/index.ts	string	🛠️ Tools Debug - Golden test tools registered	arg(console.error)	registerAllTools	1	K-TEXT	rule: index.ts registration logs
src/tools/index.ts	string	🛠️ Tools Debug - Starting tool registration...	arg(console.error)	registerAllTools	1	K-TEXT	rule: index.ts registration logs
src/tools/index.ts	string	🛠️ Tools Debug - Theme tools registered	arg(console.error)	registerAllTools	1	K-TEXT	rule: index.ts registration logs
src/tools/index.ts	string	🛠️ Tools Debug - Typography tools registered	arg(console.error)	registerAllTools	1	K-TEXT	rule: index.ts registration logs
src/types/errors.ts	number	10	arg(parseInt)	createFigmaError	1	K-CONV	hand: parseInt radix 10
src/types/errors.ts	number	401	case	createFigmaError	1	K-API	R7: HTTP status
src/types/errors.ts	number	401	param-default(statusCode)	FigmaAuthError	1	K-API	R7: HTTP status
src/types/errors.ts	number	403	case	createFigmaError	1	K-API	R7: HTTP status
src/types/errors.ts	number	404	arg(super)	FigmaNotFoundError	1	K-API	R7: HTTP status
src/types/errors.ts	number	404	case	createFigmaError	1	K-API	R7: HTTP status
src/types/errors.ts	number	429	arg(super)	FigmaRateLimitError	1	K-API	R7: HTTP status
src/types/errors.ts	number	429	case	createFigmaError	1	K-API	R7: HTTP status
src/types/errors.ts	string	API_ERROR	arg(FigmaError)	createFigmaError	1	K-SCHEMA	R6: our error code identifier
src/types/errors.ts	string	AUTH_ERROR	arg(super)	FigmaAuthError	1	K-SCHEMA	R6: our error code identifier
src/types/errors.ts	string	FigmaAuthError	binary(=)	FigmaAuthError	1	K-SCHEMA	R9: error class name
src/types/errors.ts	string	FigmaError	binary(=)	FigmaError	1	K-SCHEMA	R9: error class name
src/types/errors.ts	string	FigmaNetworkError	binary(=)	FigmaNetworkError	1	K-SCHEMA	R9: error class name
src/types/errors.ts	string	FigmaNotFoundError	binary(=)	FigmaNotFoundError	1	K-SCHEMA	R9: error class name
src/types/errors.ts	string	FigmaParseError	binary(=)	FigmaParseError	1	K-SCHEMA	R9: error class name
src/types/errors.ts	string	FigmaRateLimitError	binary(=)	FigmaRateLimitError	1	K-SCHEMA	R9: error class name
src/types/errors.ts	string	Invalid Figma access token	param-default(message)	FigmaAuthError	1	K-TEXT	R8: error message text
src/types/errors.ts	string	NETWORK_ERROR	arg(super)	FigmaNetworkError	1	K-SCHEMA	R6: our error code identifier
src/types/errors.ts	string	NOT_FOUND	arg(super)	FigmaNotFoundError	1	K-SCHEMA	R6: our error code identifier
src/types/errors.ts	string	PARSE_ERROR	arg(super)	FigmaParseError	1	K-SCHEMA	R6: our error code identifier
src/types/errors.ts	string	RATE_LIMIT	arg(super)	FigmaRateLimitError	1	K-SCHEMA	R6: our error code identifier
src/types/errors.ts	string	Retry-After	arg(response.headers.get)	createFigmaError	1	K-API	R13: HTTP/MCP/JSON-RPC/Node/Figma protocol token, typeof tag or delimiter
src/types/errors.ts	string	x-figma-plan-tier	array	createFigmaError	1	K-API	R13: HTTP/MCP/JSON-RPC/Node/Figma protocol token, typeof tag or delimiter
src/types/errors.ts	string	x-figma-rate-limit-type	array	createFigmaError	1	K-API	R13: HTTP/MCP/JSON-RPC/Node/Figma protocol token, typeof tag or delimiter
src/types/errors.ts	template	${…}: ${…}	array	createFigmaError	1	K-TEXT	R17: report/label/message text with no design fact (formatting of Figma-sourced values)
src/types/errors.ts	template	Failed to parse Figma response: ${…}	arg(super)	FigmaParseError	1	K-TEXT	R8: error message text
src/types/errors.ts	template	Network error: ${…}	arg(super)	FigmaNetworkError	1	K-TEXT	R8: error message text
src/types/figma.ts	type-string	ABSOLUTE	LiteralType	(module)	1	K-API	R2: TS literal type mirroring a Figma REST enum / export format
src/types/figma.ts	type-string	AUTO	LiteralType	(module)	1	K-API	R2: TS literal type mirroring a Figma REST enum / export format
src/types/figma.ts	type-string	EFFECT	LiteralType	(module)	1	K-API	R2: TS literal type mirroring a Figma REST enum / export format
src/types/figma.ts	type-string	FILL	LiteralType	(module)	3	K-API	R2: TS literal type mirroring a Figma REST enum / export format
src/types/figma.ts	type-string	FIXED	LiteralType	(module)	3	K-API	R2: TS literal type mirroring a Figma REST enum / export format
src/types/figma.ts	type-string	GRID	LiteralType	(module)	1	K-API	R2: TS literal type mirroring a Figma REST enum / export format
src/types/figma.ts	type-string	HUG	LiteralType	(module)	2	K-API	R2: TS literal type mirroring a Figma REST enum / export format
src/types/figma.ts	type-string	INHERIT	LiteralType	(module)	1	K-API	R2: TS literal type mirroring a Figma REST enum / export format
src/types/figma.ts	type-string	SCROLLS	LiteralType	(module)	1	K-SCHEMA	literal in a TypeScript type
src/types/figma.ts	type-string	STICKY_SCROLLS	LiteralType	(module)	1	K-SCHEMA	literal in a TypeScript type
src/types/figma.ts	type-string	STRETCH	LiteralType	(module)	1	K-API	R2: TS literal type mirroring a Figma REST enum / export format
src/types/figma.ts	type-string	TEXT	LiteralType	(module)	1	K-API	R2: TS literal type mirroring a Figma REST enum / export format
src/types/figma.ts	type-string	jpg	LiteralType	(module)	1	K-API	R2: TS literal type mirroring a Figma REST enum / export format
src/types/figma.ts	type-string	pdf	LiteralType	(module)	1	K-API	R2: TS literal type mirroring a Figma REST enum / export format
src/types/figma.ts	type-string	png	LiteralType	(module)	1	K-API	R2: TS literal type mirroring a Figma REST enum / export format
src/types/figma.ts	type-string	svg	LiteralType	(module)	1	K-API	R2: TS literal type mirroring a Figma REST enum / export format
src/utils/component-properties.ts	number	0	arg(rawKey.slice)	cleanComponentPropertyName	1	K-CONV	R4: 0/1/2 index, emptiness, increment or arity check
src/utils/component-properties.ts	number	0	binary(===)	formatComponentProperties	1	K-CONV	R4: 0/1/2 index, emptiness, increment or arity check
src/utils/component-properties.ts	number	0	binary(>=)	cleanComponentPropertyName	1	K-CONV	R4: 0/1/2 index, emptiness, increment or arity check
src/utils/component-properties.ts	string		return	formatComponentProperties	1	K-TEXT	R17: report/label/message text with no design fact (formatting of Figma-sourced values)
src/utils/component-properties.ts	string	#	arg(rawKey.indexOf)	cleanComponentPropertyName	1	K-API	hand: Figma component property key "name#id" separator (component-properties.ts:5)
src/utils/component-properties.ts	string	UNKNOWN	binary(||)	extractComponentProperties	1	K-TEXT	hand: placeholder label in property report when Figma omits type
src/utils/component-properties.ts	string	boolean	binary(===)	formatComponentProperties	1	K-API	R13: HTTP/MCP/JSON-RPC/Node/Figma protocol token, typeof tag or delimiter
src/utils/component-properties.ts	string	false	ternary	formatComponentProperties	1	K-TEXT	hand: boolean shown as text in property report
src/utils/component-properties.ts	string	object	binary(!==)	extractComponentProperties	2	K-API	R13: HTTP/MCP/JSON-RPC/Node/Figma protocol token, typeof tag or delimiter
src/utils/component-properties.ts	string	true	ternary	formatComponentProperties	1	K-TEXT	hand: boolean shown as text in property report
src/utils/component-properties.ts	template	   • ${…} [${…}] = ${…}\n	binary(+=)	formatComponentProperties	1	K-TEXT	R17: report/label/message text with no design fact (formatting of Figma-sourced values)
src/utils/component-properties.ts	template	\n	binary(+=)	formatComponentProperties	1	K-TEXT	R17: report/label/message text with no design fact (formatting of Figma-sourced values)
src/utils/component-properties.ts	template	🎛️  Component Properties (${…}):\n	var(output)	formatComponentProperties	1	K-TEXT	R17: report/label/message text with no design fact (formatting of Figma-sourced values)
src/utils/dart-color.ts	number	1	arg(argb.slice)	dartColor	1	K-CONV	index, count, midpoint or identity element
src/utils/dart-color.ts	number	1	binary(??)	effectiveAlpha	2	K-API	Figma Paint and Color: an absent alpha or opacity means fully opaque (1)
src/utils/dart-color.ts	number	16	arg(Math.round(v * 255).toString)	argbHex	1	K-CONV	unit or base conversion (byte, hex, percent)
src/utils/dart-color.ts	number	2	arg(ath.round(v * 255).toString(16).padStart)	argbHex	1	K-CONV	two hex digits per byte
src/utils/dart-color.ts	number	255	binary(*)	argbHex	1	K-CONV	unit or base conversion (byte, hex, percent)
src/utils/dart-color.ts	string		arg(255).toString(16).padStart(2, '0')).join)	argbHex	1	K-TEXT	report, label, log or error text
src/utils/dart-color.ts	string	0	arg(ath.round(v * 255).toString(16).padStart)	argbHex	1	K-CONV	hex zero padding
src/utils/dart-color.ts	template	#${…}	return	argbHex	1	K-CONV	hex notation of a colour
src/utils/dart-color.ts	template	Color(0x${…})	binary(&&)	dartColor	1	K-DART	emitted Dart code
src/utils/dart-names.ts	number	0	arg(camel.charAt)	typeName	1	K-CONV	index, count, midpoint or identity element
src/utils/dart-names.ts	number	0	arg(word.charAt)	lowerCamelCase	2	K-CONV	index, count, midpoint or identity element
src/utils/dart-names.ts	number	0	binary(===)	lowerCamelCase	1	K-CONV	index, count, midpoint or identity element
src/utils/dart-names.ts	number	0	binary(>)	lowerCamelCase	1	K-CONV	index, count, midpoint or identity element
src/utils/dart-names.ts	number	1	arg(camel.slice)	typeName	1	K-CONV	index, count, midpoint or identity element
src/utils/dart-names.ts	number	1	arg(word.slice)	lowerCamelCase	2	K-CONV	index, count, midpoint or identity element
src/utils/dart-names.ts	number	1	binary(===)	nameConstants	1	K-CONV	index, count, midpoint or identity element
src/utils/dart-names.ts	regex	/[^A-Za-z0-9]+/	arg(name\n        .split)	lowerCamelCase	1	K-SCHEMA	sanitising or parsing regex
src/utils/dart-names.ts	regex	/^[A-Za-z_$][A-Za-z0-9_$]*$/	PropertyAccessExpression	isDartIdentifier	1	K-SCHEMA	sanitising or parsing regex
src/utils/dart-names.ts	string		arg(perCase() + word.slice(1))\n        .join)	lowerCamelCase	1	K-TEXT	report, label, log or error text
src/utils/dart-names.ts	string		binary(??)	nameConstants	1	K-TEXT	report, label, log or error text
src/utils/dart-names.ts	string	/	arg(item.name.split)	nameConstants	1	K-TEXT	report, label, log or error text
src/utils/dart-names.ts	string	Function	binary(!==)	isDartTypeName	1	K-DART	Dart widget or type name
src/utils/dart-names.ts	string	assert	array	DART_RESERVED_WORDS	1	K-SCHEMA	Dart reserved word (dart.dev/language/keywords)
src/utils/dart-names.ts	string	break	array	DART_RESERVED_WORDS	1	K-SCHEMA	Dart reserved word (dart.dev/language/keywords)
src/utils/dart-names.ts	string	case	array	DART_RESERVED_WORDS	1	K-SCHEMA	Dart reserved word (dart.dev/language/keywords)
src/utils/dart-names.ts	string	catch	array	DART_RESERVED_WORDS	1	K-SCHEMA	Dart reserved word (dart.dev/language/keywords)
src/utils/dart-names.ts	string	class	array	DART_RESERVED_WORDS	1	K-SCHEMA	Dart reserved word (dart.dev/language/keywords)
src/utils/dart-names.ts	string	const	array	DART_RESERVED_WORDS	1	K-SCHEMA	Dart reserved word (dart.dev/language/keywords)
src/utils/dart-names.ts	string	continue	array	DART_RESERVED_WORDS	1	K-SCHEMA	Dart reserved word (dart.dev/language/keywords)
src/utils/dart-names.ts	string	default	array	DART_RESERVED_WORDS	1	K-SCHEMA	Dart reserved word (dart.dev/language/keywords)
src/utils/dart-names.ts	string	do	array	DART_RESERVED_WORDS	1	K-SCHEMA	Dart reserved word (dart.dev/language/keywords)
src/utils/dart-names.ts	string	else	array	DART_RESERVED_WORDS	1	K-SCHEMA	Dart reserved word (dart.dev/language/keywords)
src/utils/dart-names.ts	string	enum	array	DART_RESERVED_WORDS	1	K-SCHEMA	Dart reserved word (dart.dev/language/keywords)
src/utils/dart-names.ts	string	extends	array	DART_RESERVED_WORDS	1	K-SCHEMA	Dart reserved word (dart.dev/language/keywords)
src/utils/dart-names.ts	string	false	array	DART_RESERVED_WORDS	1	K-SCHEMA	Dart reserved word (dart.dev/language/keywords)
src/utils/dart-names.ts	string	final	array	DART_RESERVED_WORDS	1	K-SCHEMA	Dart reserved word (dart.dev/language/keywords)
src/utils/dart-names.ts	string	finally	array	DART_RESERVED_WORDS	1	K-SCHEMA	Dart reserved word (dart.dev/language/keywords)
src/utils/dart-names.ts	string	for	array	DART_RESERVED_WORDS	1	K-SCHEMA	Dart reserved word (dart.dev/language/keywords)
src/utils/dart-names.ts	string	if	array	DART_RESERVED_WORDS	1	K-SCHEMA	Dart reserved word (dart.dev/language/keywords)
src/utils/dart-names.ts	string	in	array	DART_RESERVED_WORDS	1	K-SCHEMA	Dart reserved word (dart.dev/language/keywords)
src/utils/dart-names.ts	string	is	array	DART_RESERVED_WORDS	1	K-SCHEMA	Dart reserved word (dart.dev/language/keywords)
src/utils/dart-names.ts	string	new	array	DART_RESERVED_WORDS	1	K-SCHEMA	Dart reserved word (dart.dev/language/keywords)
src/utils/dart-names.ts	string	not a valid Dart identifier	prop(reason)	nameConstants	1	K-TEXT	report, label, log or error text
src/utils/dart-names.ts	string	null	array	DART_RESERVED_WORDS	1	K-SCHEMA	Dart reserved word (dart.dev/language/keywords)
src/utils/dart-names.ts	string	rethrow	array	DART_RESERVED_WORDS	1	K-SCHEMA	Dart reserved word (dart.dev/language/keywords)
src/utils/dart-names.ts	string	return	array	DART_RESERVED_WORDS	1	K-SCHEMA	Dart reserved word (dart.dev/language/keywords)
src/utils/dart-names.ts	string	super	array	DART_RESERVED_WORDS	1	K-SCHEMA	Dart reserved word (dart.dev/language/keywords)
src/utils/dart-names.ts	string	switch	array	DART_RESERVED_WORDS	1	K-SCHEMA	Dart reserved word (dart.dev/language/keywords)
src/utils/dart-names.ts	string	this	array	DART_RESERVED_WORDS	1	K-SCHEMA	Dart reserved word (dart.dev/language/keywords)
src/utils/dart-names.ts	string	throw	array	DART_RESERVED_WORDS	1	K-SCHEMA	Dart reserved word (dart.dev/language/keywords)
src/utils/dart-names.ts	string	true	array	DART_RESERVED_WORDS	1	K-SCHEMA	Dart reserved word (dart.dev/language/keywords)
src/utils/dart-names.ts	string	try	array	DART_RESERVED_WORDS	1	K-SCHEMA	Dart reserved word (dart.dev/language/keywords)
src/utils/dart-names.ts	string	var	array	DART_RESERVED_WORDS	1	K-SCHEMA	Dart reserved word (dart.dev/language/keywords)
src/utils/dart-names.ts	string	void	array	DART_RESERVED_WORDS	1	K-SCHEMA	Dart reserved word (dart.dev/language/keywords)
src/utils/dart-names.ts	string	while	array	DART_RESERVED_WORDS	1	K-SCHEMA	Dart reserved word (dart.dev/language/keywords)
src/utils/dart-names.ts	string	with	array	DART_RESERVED_WORDS	1	K-SCHEMA	Dart reserved word (dart.dev/language/keywords)
src/utils/dart-names.ts	template	another ${…} has the same name	prop(reason)	nameConstants	1	K-TEXT	report, label, log or error text
src/utils/dart-names.ts	type-string	generated	LiteralType	nameConstants	1	K-SCHEMA	literal in a TypeScript type
src/utils/dart-names.ts	type-string	skipped	LiteralType	nameConstants	1	K-SCHEMA	literal in a TypeScript type
src/utils/effects-format.ts	number	0	binary(===)	formatFigmaEffects	1	K-CONV	R4: 0/1/2 index, emptiness, increment or arity check
src/utils/effects-format.ts	number	1	binary(+)	formatCategorizedEffects	1	K-CONV	R4: 0/1/2 index, emptiness, increment or arity check
src/utils/effects-format.ts	number	1	binary(+)	formatShadow	1	K-CONV	R4: 0/1/2 index, emptiness, increment or arity check
src/utils/effects-format.ts	number	100	binary(*)	formatShadow	1	K-CONV	hand: fraction to percent
src/utils/effects-format.ts	string		param-default(indent)	formatCategorizedEffects	1	K-TEXT	R17: report/label/message text with no design fact (formatting of Figma-sourced values)
src/utils/effects-format.ts	string		param-default(indent)	formatFigmaEffects	1	K-TEXT	R17: report/label/message text with no design fact (formatting of Figma-sourced values)
src/utils/effects-format.ts	string		return	formatCategorizedEffects	1	K-TEXT	R17: report/label/message text with no design fact (formatting of Figma-sourced values)
src/utils/effects-format.ts	string		return	formatFigmaEffects	1	K-TEXT	R17: report/label/message text with no design fact (formatting of Figma-sourced values)
src/utils/effects-format.ts	string		var(output)	formatCategorizedEffects	1	K-TEXT	R17: report/label/message text with no design fact (formatting of Figma-sourced values)
src/utils/effects-format.ts	string	Drop shadow	arg(formatShadow)	formatCategorizedEffects	1	K-TEXT	R17: report/label/message text with no design fact (formatting of Figma-sourced values)
src/utils/effects-format.ts	string	Inner shadow	arg(formatShadow)	formatCategorizedEffects	1	K-TEXT	R17: report/label/message text with no design fact (formatting of Figma-sourced values)
src/utils/effects-format.ts	template	 spread ${…}px	binary(+=)	formatShadow	1	K-TEXT	R17: report/label/message text with no design fact (formatting of Figma-sourced values)
src/utils/effects-format.ts	template	${…}- ${…} ${…}: ${…} 	binary(+)	formatShadow	1	K-TEXT	R17: report/label/message text with no design fact (formatting of Figma-sourced values)
src/utils/effects-format.ts	template	${…}- Blur ${…}: ${…} radius ${…}px\n	binary(+=)	formatCategorizedEffects	1	K-TEXT	R17: report/label/message text with no design fact (formatting of Figma-sourced values)
src/utils/effects-format.ts	template	\n	binary(+)	formatShadow	1	K-TEXT	R17: report/label/message text with no design fact (formatting of Figma-sourced values)
src/utils/effects-format.ts	template	blur ${…}px	binary(+)	formatShadow	1	K-TEXT	R17: report/label/message text with no design fact (formatting of Figma-sourced values)
src/utils/effects-format.ts	template	offset not set by Figma 	ternary	formatShadow	1	K-TEXT	report, label, log or error text
src/utils/effects-format.ts	template	offset(${…}, ${…}) 	ternary	formatShadow	1	K-TEXT	R17: report/label/message text with no design fact (formatting of Figma-sourced values)
src/utils/effects-format.ts	template	opacity ${…}% 	binary(+)	formatShadow	1	K-TEXT	R17: report/label/message text with no design fact (formatting of Figma-sourced values)
src/utils/effects-format.ts	type-string	dropShadows	LiteralType	formatShadow	1	K-SCHEMA	R1: TS literal type for our own config/output field
src/utils/figma-url-parser.ts	number	0	binary(===)	validateAndConvertNodeId	1	K-CONV	R4: 0/1/2 index, emptiness, increment or arity check
src/utils/figma-url-parser.ts	number	0	binary(===)	validateFileId	1	K-CONV	R4: 0/1/2 index, emptiness, increment or arity check
src/utils/figma-url-parser.ts	number	0	index	validateAndConvertNodeId	1	K-CONV	R4: 0/1/2 index, emptiness, increment or arity check
src/utils/figma-url-parser.ts	number	1	arg(parts.slice)	validateAndConvertNodeId	1	K-CONV	R4: 0/1/2 index, emptiness, increment or arity check
src/utils/figma-url-parser.ts	number	2	binary(===)	parseComponentInput	1	K-CONV	hand: exactly two parts
src/utils/figma-url-parser.ts	number	2	binary(>=)	validateAndConvertNodeId	1	K-CONV	hand: at least two parts
src/utils/figma-url-parser.ts	number	2	index	extractIdsFromUrl	2	K-CONV	R4: 0/1/2 index, emptiness, increment or arity check
src/utils/figma-url-parser.ts	regex	/\/(file|design)\/([a-zA-Z0-9\-_]+)/	arg(urlObj.pathname.match)	extractIdsFromUrl	1	K-SCHEMA	hand: URL validation regex; covers /file/ and /design/ only. PROBE: parseComponentInput("https://www.figma.com/proto/<22>/x?node-id=1-2") -> isValid:false; branch URL /design/<A>/x/branch/<B>/ -> file
src/utils/figma-url-parser.ts	regex	/^[a-zA-Z0-9\-_]+$/	var(validPattern)	validateFileId	1	K-SCHEMA	R20: validation regex
src/utils/figma-url-parser.ts	regex	/^\d+:\d+$/	var(nodePattern)	validateAndConvertNodeId	1	K-SCHEMA	hand: node-id validation regex ^\d+:\d+$. PROBE: validateAndConvertNodeId("I1:71;1:67") -> THROWS; test/fixtures holds 13 such instance-sublayer ids. Register line
src/utils/figma-url-parser.ts	string		prop(fileId)	parseComponentInput	1	K-TEXT	R17: report/label/message text with no design fact (formatting of Figma-sourced values)
src/utils/figma-url-parser.ts	string		prop(nodeId)	parseComponentInput	1	K-TEXT	R17: report/label/message text with no design fact (formatting of Figma-sourced values)
src/utils/figma-url-parser.ts	string	-	arg(parts.slice(1).join)	validateAndConvertNodeId	1	K-API	R13: HTTP/MCP/JSON-RPC/Node/Figma protocol token, typeof tag or delimiter
src/utils/figma-url-parser.ts	string	-	arg(trimmed.includes)	validateAndConvertNodeId	1	K-API	R13: HTTP/MCP/JSON-RPC/Node/Figma protocol token, typeof tag or delimiter
src/utils/figma-url-parser.ts	string	-	arg(trimmed.split)	validateAndConvertNodeId	1	K-API	R13: HTTP/MCP/JSON-RPC/Node/Figma protocol token, typeof tag or delimiter
src/utils/figma-url-parser.ts	string	/design/	arg(url.pathname.includes)	isFigmaUrl	1	K-API	hand: Figma URL path /design/
src/utils/figma-url-parser.ts	string	/file/	arg(url.pathname.includes)	isFigmaUrl	1	K-API	hand: Figma URL path /file/
src/utils/figma-url-parser.ts	string	:	arg(trimmed.includes)	validateAndConvertNodeId	1	K-API	R13: HTTP/MCP/JSON-RPC/Node/Figma protocol token, typeof tag or delimiter
src/utils/figma-url-parser.ts	string	:	arg(trimmedInput.includes)	parseComponentInput	1	K-API	R13: HTTP/MCP/JSON-RPC/Node/Figma protocol token, typeof tag or delimiter
src/utils/figma-url-parser.ts	string	:	arg(trimmedInput.split)	parseComponentInput	2	K-API	R13: HTTP/MCP/JSON-RPC/Node/Figma protocol token, typeof tag or delimiter
src/utils/figma-url-parser.ts	string	Could not extract file ID from URL	arg(FigmaError)	extractIdsFromUrl	1	K-TEXT	R8: error message text
src/utils/figma-url-parser.ts	string	File ID cannot be empty	arg(FigmaError)	validateFileId	1	K-TEXT	R8: error message text
src/utils/figma-url-parser.ts	string	File ID is required	arg(FigmaError)	validateFileId	1	K-TEXT	R8: error message text
src/utils/figma-url-parser.ts	string	INVALID_FILE_ID	arg(FigmaError)	validateFileId	3	K-SCHEMA	R6: our error code identifier
src/utils/figma-url-parser.ts	string	INVALID_INPUT	arg(FigmaError)	parseComponentInput	1	K-SCHEMA	R6: our error code identifier
src/utils/figma-url-parser.ts	string	INVALID_NODE_ID	arg(FigmaError)	validateAndConvertNodeId	3	K-SCHEMA	R6: our error code identifier
src/utils/figma-url-parser.ts	string	INVALID_URL	arg(FigmaError)	extractIdsFromUrl	2	K-SCHEMA	R6: our error code identifier
src/utils/figma-url-parser.ts	string	INVALID_URL	arg(FigmaError)	parseComponentInput	1	K-SCHEMA	R6: our error code identifier
src/utils/figma-url-parser.ts	string	Invalid file ID format. Only alphanumeric characters, hyphens, and underscores allowed.	arg(FigmaError)	validateFileId	1	K-TEXT	R8: error message text
src/utils/figma-url-parser.ts	string	Invalid input format. Expected Figma URL or fileId:nodeId format	arg(FigmaError)	parseComponentInput	1	K-TEXT	R8: error message text
src/utils/figma-url-parser.ts	string	Node ID cannot be empty	arg(FigmaError)	validateAndConvertNodeId	1	K-TEXT	R8: error message text
src/utils/figma-url-parser.ts	string	Node ID is required	arg(FigmaError)	validateAndConvertNodeId	1	K-TEXT	R8: error message text
src/utils/figma-url-parser.ts	string	Node ID not found in URL parameters	arg(FigmaError)	parseComponentInput	1	K-TEXT	R8: error message text
src/utils/figma-url-parser.ts	string	Not a valid Figma URL	arg(FigmaError)	extractIdsFromUrl	1	K-TEXT	R8: error message text
src/utils/figma-url-parser.ts	string	URL_PARSE_ERROR	arg(FigmaError)	extractIdsFromUrl	1	K-SCHEMA	R6: our error code identifier
src/utils/figma-url-parser.ts	string	direct	prop(source)	parseComponentInput	3	K-TEXT	R17: report/label/message text with no design fact (formatting of Figma-sourced values)
src/utils/figma-url-parser.ts	string	figma.com	arg(trimmedInput.includes)	parseComponentInput	1	K-API	hand: Figma host name
src/utils/figma-url-parser.ts	string	figma.com	arg(url.hostname.includes)	isFigmaUrl	1	K-API	hand: Figma host name
src/utils/figma-url-parser.ts	string	figma.com	arg(urlObj.hostname.includes)	extractIdsFromUrl	1	K-API	hand: Figma host name
src/utils/figma-url-parser.ts	string	json	AssertEntry	(module)	1	K-API	file extension or encoding name
src/utils/figma-url-parser.ts	string	node-id	arg(urlObj.searchParams.get)	extractIdsFromUrl	1	K-API	hand: Figma URL query param node-id
src/utils/figma-url-parser.ts	string	node_id	arg(urlObj.searchParams.get)	extractIdsFromUrl	1	K-API	hand: Figma URL query param node_id
src/utils/figma-url-parser.ts	string	string	binary(!==)	validateAndConvertNodeId	1	K-API	R13: HTTP/MCP/JSON-RPC/Node/Figma protocol token, typeof tag or delimiter
src/utils/figma-url-parser.ts	string	string	binary(!==)	validateFileId	1	K-API	R13: HTTP/MCP/JSON-RPC/Node/Figma protocol token, typeof tag or delimiter
src/utils/figma-url-parser.ts	string	url	prop(source)	parseComponentInput	1	K-TEXT	R17: report/label/message text with no design fact (formatting of Figma-sourced values)
src/utils/figma-url-parser.ts	template	${…}/design/${…}/?node-id=${…}	return	generateFigmaUrl	1	K-API	Figma REST path or query, or a Claude Code result key
src/utils/figma-url-parser.ts	template	${…}:${…}	arg(validateAndConvertNodeId)	parseComponentInput	1	K-TEXT	R17: report/label/message text with no design fact (formatting of Figma-sourced values)
src/utils/figma-url-parser.ts	template	${…}:${…}	binary(=)	validateAndConvertNodeId	1	K-TEXT	R17: report/label/message text with no design fact (formatting of Figma-sourced values)
src/utils/figma-url-parser.ts	template	Failed to parse Figma URL: ${…}	arg(FigmaError)	extractIdsFromUrl	1	K-TEXT	R8: error message text
src/utils/figma-url-parser.ts	template	Invalid node ID format: "${…}". Expected format: "123:456" or "123-456"	arg(FigmaError)	validateAndConvertNodeId	1	K-TEXT	R8: error message text
src/utils/figma-url-parser.ts	type-string	direct	LiteralType	(module)	1	K-SCHEMA	R1: TS literal type for our own config/output field
src/utils/figma-url-parser.ts	type-string	url	LiteralType	(module)	1	K-SCHEMA	R1: TS literal type for our own config/output field
src/utils/float32.ts	number	1	var(precision)	shortestFloat32	1	K-CONV	index, count, midpoint or identity element
src/utils/float32.ts	number	9	binary(<=)	shortestFloat32	1	K-CONV	nine significant digits round-trip a float32
src/utils/flutter-guidance.ts	string	Flutter: "Avoid overly large single widgets with a large build() function. Split them into different widgets based on encapsulation but also on how they change"	array(WIDGET_SPLIT_ADVICE)	WIDGET_SPLIT_ADVICE	1	K-TEXT	report, label, log or error text
src/utils/flutter-guidance.ts	string	Flutter: "To create reusable pieces of UIs, prefer using a StatelessWidget rather than a function." (https://docs.flutter.dev/perf/best-practices)	array(WIDGET_SPLIT_ADVICE)	WIDGET_SPLIT_ADVICE	1	K-TEXT	report, label, log or error text
src/utils/interactions.ts	number	0	binary(===)	formatInteractions	1	K-CONV	index, count, midpoint or identity element
src/utils/interactions.ts	regex	/[\r\n]+/g	arg(child.name.replace)	formatNestedInteractions	1	K-SCHEMA	sanitising or parsing regex
src/utils/interactions.ts	string		arg(teractions(child.children, indent)).join)	formatNestedInteractions	1	K-TEXT	report, label, log or error text
src/utils/interactions.ts	string		return	formatInteractions	1	K-TEXT	report, label, log or error text
src/utils/interactions.ts	string		ternary	formatNestedInteractions	1	K-TEXT	report, label, log or error text
src/utils/interactions.ts	string	 	arg(child.name.replace)	formatNestedInteractions	1	K-TEXT	report, label, log or error text
src/utils/interactions.ts	string	  	binary(+)	formatNestedInteractions	1	K-TEXT	report, label, log or error text
src/utils/interactions.ts	string	, 	arg(on.actions ?? []).map(formatAction).join)	formatInteractions	1	K-TEXT	report, label, log or error text
src/utils/interactions.ts	string	; 	arg(parts.join)	formatInteractions	1	K-TEXT	report, label, log or error text
src/utils/interactions.ts	string	NODE	binary(===)	formatAction	1	K-TEXT	report, label, log or error text
src/utils/interactions.ts	string	URL	binary(===)	formatAction	1	K-TEXT	report, label, log or error text
src/utils/interactions.ts	string	no action	binary(||)	formatInteractions	1	K-TEXT	report, label, log or error text
src/utils/interactions.ts	string	no trigger	binary(??)	formatInteractions	1	K-TEXT	report, label, log or error text
src/utils/interactions.ts	template	${…} → ${…}	ArrowFunction	formatInteractions	1	K-TEXT	report, label, log or error text
src/utils/interactions.ts	template	${…}${…} (${…})\n${…}	ternary	formatNestedInteractions	1	K-TEXT	report, label, log or error text
src/utils/interactions.ts	template	${…}Interactions: ${…}\n	return	formatInteractions	1	K-TEXT	report, label, log or error text
src/utils/interactions.ts	template	NODE ${…} ${…}	return	formatAction	1	K-TEXT	report, label, log or error text
src/utils/interactions.ts	template	URL ${…}	return	formatAction	1	K-TEXT	report, label, log or error text
src/utils/logger.ts	string	[MCP Server ERROR]	arg(console.error)	error	1	K-TEXT	R5: log/console text
src/utils/logger.ts	string	[MCP Server INFO]	arg(console.error)	info	1	K-TEXT	R5: log/console text
src/utils/logger.ts	string	[MCP Server WARN]	arg(console.error)	warn	1	K-TEXT	R5: log/console text
src/utils/logger.ts	string	[MCP Server]	arg(console.error)	log	1	K-TEXT	R5: log/console text
src/utils/paint-format.ts	number	0	binary(===)	formatFills	1	K-CONV	index, count, midpoint or identity element
src/utils/paint-format.ts	number	0	index	formatFills	1	K-CONV	index, count, midpoint or identity element
src/utils/paint-format.ts	number	1	binary(===)	describeFill	1	K-API	Figma Paint and Color: an absent alpha or opacity means fully opaque (1)
src/utils/paint-format.ts	number	1	binary(===)	formatFills	1	K-API	Figma Paint and Color: an absent alpha or opacity means fully opaque (1)
src/utils/paint-format.ts	number	1	binary(??)	describeFill	1	K-API	Figma Paint and Color: an absent alpha or opacity means fully opaque (1)
src/utils/paint-format.ts	number	100	binary(*)	describeFill	1	K-CONV	unit or base conversion (byte, hex, percent)
src/utils/paint-format.ts	string		param-default(indent)	formatFills	1	K-TEXT	report, label, log or error text
src/utils/paint-format.ts	string		return	formatFills	1	K-TEXT	report, label, log or error text
src/utils/paint-format.ts	string	, 	arg(fills.map(describeFill).join)	formatFills	1	K-TEXT	report, label, log or error text
src/utils/paint-format.ts	string	- 	param-default(linePrefix)	formatFills	1	K-TEXT	report, label, log or error text
src/utils/paint-format.ts	string	strokeWeight not set by Figma	ternary	describeStrokeWeight	1	K-TEXT	report, label, log or error text
src/utils/paint-format.ts	template	${…} (${…}% opacity)	ternary	describeFill	1	K-TEXT	report, label, log or error text
src/utils/paint-format.ts	template	${…}${…}Background: ${…}\n	ternary	formatFills	1	K-TEXT	report, label, log or error text
src/utils/paint-format.ts	template	${…}${…}Fills (bottom to top): ${…}\n	ternary	formatFills	1	K-TEXT	report, label, log or error text
src/utils/paint-format.ts	template	${…}px	ternary	describeStrokeWeight	1	K-TEXT	report, label, log or error text
src/utils/paint-format.ts	template	top ${…}px, right ${…}px, bottom ${…}px, left ${…}px	return	describeStrokeWeight	1	K-TEXT	report, label, log or error text
src/utils/project-conventions.ts	number	1	index	detectProjectName	1	K-CONV	R4: 0/1/2 index, emptiness, increment or arity check
src/utils/project-conventions.ts	regex	/^name:\s*(\S+)/m	arg(pubspecContent.match)	detectProjectName	1	K-API	hand: pubspec.yaml name field regex
src/utils/project-conventions.ts	string	json	AssertEntry	(module)	1	K-API	file extension or encoding name
src/utils/project-conventions.ts	string	lib	arg(join)	detectConstantsDir	2	K-API	hand: lib/ is the Dart package layout root, dart.dev/tools/pub/package-layout
src/utils/project-conventions.ts	string	pubspec.yaml	arg(join)	detectProjectName	1	K-API	hand: pubspec.yaml is the Dart package manifest
src/utils/project-conventions.ts	string	pubspec.yaml	arg(join)	hasPubspec	1	K-API	Flutter project file name
src/utils/project-conventions.ts	string	test	arg(join)	detectGoldenTestDir	1	K-API	hand: test/ Dart package layout
src/utils/project-conventions.ts	string	utf-8	arg(readFile)	detectProjectName	1	K-API	hand: file encoding
src/utils/project-conventions.ts	template	No pubspec.yaml in ${…}. Run this in a Flutter project (flutter create), or pass projectPath. Nothing was requested or written.	return	missingPubspecMessage	1	K-TEXT	report, label, log or error text
src/utils/retry.ts	number	1	binary(-)	withRetry	1	K-CONV	R4: 0/1/2 index, emptiness, increment or arity check
src/utils/retry.ts	number	1	var(attempt)	withRetry	1	K-CONV	R4: 0/1/2 index, emptiness, increment or arity check
src/utils/retry.ts	number	1000	binary(*)	withRetry	1	K-CONV	hand: seconds to ms
src/utils/retry.ts	number	500	binary(>=)	isRetryable	1	K-API	HTTP 5xx status class
src/utils/retry.ts	template	Attempt ${…} failed: ${…}. Retrying in ${…}ms...	arg(Logger.diag)	withRetry	1	K-TEXT	R5: log/console text
src/utils/retry.ts	template	Retry attempt ${…} failed after ${…}ms: ${…}	arg(console.warn)	logRetryAttempt	1	K-TEXT	R5: log/console text
src/utils/style-format.ts	number	0	binary(===)	formatPadding	4	K-CONV	R4: 0/1/2 index, emptiness, increment or arity check
src/utils/style-format.ts	number	0	binary(===)	formatStrokes	1	K-CONV	R4: 0/1/2 index, emptiness, increment or arity check
src/utils/style-format.ts	number	0	binary(===)	formatVisualBoxEvidence	1	K-CONV	R4: 0/1/2 index, emptiness, increment or arity check
src/utils/style-format.ts	number	0	binary(>)	formatFigmaNodeBoxEvidence	1	K-CONV	R4: 0/1/2 index, emptiness, increment or arity check
src/utils/style-format.ts	number	0	binary(||)	formatFigmaNodeBoxEvidence	4	K-API	hand: Figma padding fields absent = 0 (api_types.ts: paddingLeft "only applicable for auto-layout frames"; absent means no padding)
src/utils/style-format.ts	number	1	binary(+)	formatStrokes	1	K-CONV	R4: 0/1/2 index, emptiness, increment or arity check
src/utils/style-format.ts	number	1	binary(>)	formatStrokes	1	K-CONV	R4: 0/1/2 index, emptiness, increment or arity check
src/utils/style-format.ts	string		param-default(indent)	formatCornerRadius	1	K-TEXT	R17: report/label/message text with no design fact (formatting of Figma-sourced values)
src/utils/style-format.ts	string		param-default(indent)	formatFigmaNodeBoxEvidence	1	K-TEXT	R17: report/label/message text with no design fact (formatting of Figma-sourced values)
src/utils/style-format.ts	string		param-default(indent)	formatPadding	1	K-TEXT	R17: report/label/message text with no design fact (formatting of Figma-sourced values)
src/utils/style-format.ts	string		param-default(indent)	formatStrokes	1	K-TEXT	R17: report/label/message text with no design fact (formatting of Figma-sourced values)
src/utils/style-format.ts	string		param-default(indent)	formatVisualBoxEvidence	1	K-TEXT	R17: report/label/message text with no design fact (formatting of Figma-sourced values)
src/utils/style-format.ts	string		param-default(linePrefix)	formatSizingAlignment	1	K-TEXT	R17: report/label/message text with no design fact (formatting of Figma-sourced values)
src/utils/style-format.ts	string		return	formatCornerRadius	1	K-TEXT	R17: report/label/message text with no design fact (formatting of Figma-sourced values)
src/utils/style-format.ts	string		return	formatPadding	2	K-TEXT	R17: report/label/message text with no design fact (formatting of Figma-sourced values)
src/utils/style-format.ts	string		return	formatStrokes	1	K-TEXT	R17: report/label/message text with no design fact (formatting of Figma-sourced values)
src/utils/style-format.ts	string		ternary	formatStrokes	2	K-TEXT	R17: report/label/message text with no design fact (formatting of Figma-sourced values)
src/utils/style-format.ts	string		var(output)	formatFigmaNodeBoxEvidence	1	K-TEXT	R17: report/label/message text with no design fact (formatting of Figma-sourced values)
src/utils/style-format.ts	string		var(output)	formatSizingAlignment	1	K-TEXT	R17: report/label/message text with no design fact (formatting of Figma-sourced values)
src/utils/style-format.ts	string		var(output)	formatStrokes	1	K-TEXT	R17: report/label/message text with no design fact (formatting of Figma-sourced values)
src/utils/style-format.ts	string		var(output)	formatVisualBoxEvidence	1	K-TEXT	R17: report/label/message text with no design fact (formatting of Figma-sourced values)
src/utils/style-format.ts	string	,	ternary	formatStrokes	1	K-TEXT	report, label, log or error text
src/utils/style-format.ts	string	- 	param-default(linePrefix)	formatPadding	1	K-TEXT	R17: report/label/message text with no design fact (formatting of Figma-sourced values)
src/utils/style-format.ts	string	- 	param-default(linePrefix)	formatStrokes	1	K-TEXT	R17: report/label/message text with no design fact (formatting of Figma-sourced values)
src/utils/style-format.ts	string	Horizontal Sizing	prop(horizontal)	formatSizingAlignment	1	K-TEXT	R17: report/label/message text with no design fact (formatting of Figma-sourced values)
src/utils/style-format.ts	string	Parent Alignment	prop(align)	formatSizingAlignment	1	K-TEXT	R17: report/label/message text with no design fact (formatting of Figma-sourced values)
src/utils/style-format.ts	string	SOLID	binary(===)	formatFigmaNodeBoxEvidence	1	K-API	hand: Figma Paint type SOLID
src/utils/style-format.ts	string	Vertical Sizing	prop(vertical)	formatSizingAlignment	1	K-TEXT	R17: report/label/message text with no design fact (formatting of Figma-sourced values)
src/utils/style-format.ts	string	number	binary(===)	formatCornerRadius	1	K-API	R13: HTTP/MCP/JSON-RPC/Node/Figma protocol token, typeof tag or delimiter
src/utils/style-format.ts	template	 ${…}	ternary	formatStrokes	1	K-TEXT	R17: report/label/message text with no design fact (formatting of Figma-sourced values)
src/utils/style-format.ts	template	 align ${…}	binary(+=)	formatStrokes	1	K-TEXT	R17: report/label/message text with no design fact (formatting of Figma-sourced values)
src/utils/style-format.ts	template	${…}${…}: ${…}\n	binary(+=)	formatSizingAlignment	3	K-TEXT	R17: report/label/message text with no design fact (formatting of Figma-sourced values)
src/utils/style-format.ts	template	${…}${…}Border${…}: ${…}${…} solid ${…}	binary(+=)	formatStrokes	1	K-TEXT	report, label, log or error text
src/utils/style-format.ts	template	${…}${…}Padding: ${…}px ${…}px ${…}px ${…}px (TRBL)\n	return	formatPadding	1	K-TEXT	R17: report/label/message text with no design fact (formatting of Figma-sourced values)
src/utils/style-format.ts	template	${…}${…}Padding: ${…}px\n	return	formatPadding	1	K-TEXT	R17: report/label/message text with no design fact (formatting of Figma-sourced values)
src/utils/style-format.ts	template	${…}- Corner radius: ${…}px ${…}px ${…}px ${…}px\n	return	formatCornerRadius	1	K-TEXT	R17: report/label/message text with no design fact (formatting of Figma-sourced values)
src/utils/style-format.ts	template	${…}- Corner radius: ${…}px\n	return	formatCornerRadius	1	K-TEXT	R17: report/label/message text with no design fact (formatting of Figma-sourced values)
src/utils/style-format.ts	template	\n	binary(+=)	formatStrokes	1	K-TEXT	R17: report/label/message text with no design fact (formatting of Figma-sourced values)
src/utils/visibility.ts	number	0	binary(===)	filterEffectivelyVisibleChildren	1	K-CONV	R4: 0/1/2 index, emptiness, increment or arity check
src/utils/visibility.ts	number	0	binary(===)	isEffectivelyVisible	1	K-CONV	R4: 0/1/2 index, emptiness, increment or arity check
src/utils/visibility.ts	number	0	binary(>)	hasOwnVisualContent	1	K-CONV	R4: 0/1/2 index, emptiness, increment or arity check
src/utils/visibility.ts	string	GRADIENT_ANGULAR	binary(===)	hasOwnVisualContent	1	K-API	R13: HTTP/MCP/JSON-RPC/Node/Figma protocol token, typeof tag or delimiter
src/utils/visibility.ts	string	GRADIENT_DIAMOND	binary(===)	hasOwnVisualContent	1	K-API	R13: HTTP/MCP/JSON-RPC/Node/Figma protocol token, typeof tag or delimiter
src/utils/visibility.ts	string	GRADIENT_LINEAR	binary(===)	hasOwnVisualContent	1	K-API	hand: Figma Paint type; list omits PATTERN (api_types.ts:1684 Paint = Solid|Gradient|Image|Pattern) - register line
src/utils/visibility.ts	string	GRADIENT_RADIAL	binary(===)	hasOwnVisualContent	1	K-API	R13: HTTP/MCP/JSON-RPC/Node/Figma protocol token, typeof tag or delimiter
src/utils/visibility.ts	string	IMAGE	binary(===)	hasOwnVisualContent	1	K-API	R13: HTTP/MCP/JSON-RPC/Node/Figma protocol token, typeof tag or delimiter
src/utils/visibility.ts	string	SOLID	binary(===)	hasOwnVisualContent	1	K-API	R13: HTTP/MCP/JSON-RPC/Node/Figma protocol token, typeof tag or delimiter
src/utils/visibility.ts	string	TEXT	binary(===)	hasOwnVisualContent	1	K-API	R13: HTTP/MCP/JSON-RPC/Node/Figma protocol token, typeof tag or delimiter
src/utils/visibility.ts	string	string	binary(===)	hasOwnVisualContent	1	K-API	R13: HTTP/MCP/JSON-RPC/Node/Figma protocol token, typeof tag or delimiter
src/utils/visibility.ts	type-string	visible	LiteralType	isNodeExplicitlyHidden	1	K-API	R2: TS literal type mirroring a Figma REST enum / export format
src/extractors/flutter/style-library.ts	string	sha256	arg(createHash)	generateId	1	K-CONV	rule R4: id formatting (radix 36, slicing, hash input)
src/extractors/flutter/style-library.ts	template	${…} ${…}	arg(createHash('sha256').update)	generateId	1	K-CONV	rule R4: id formatting (radix 36, slicing, hash input)
src/extractors/flutter/style-library.ts	string	hex	arg(${flutterCode}\0${semanticHash}`).digest)	generateId	1	K-CONV	rule R4: id formatting (radix 36, slicing, hash input)
src/extractors/flutter/style-library.ts	template	0x${…}	arg(BigInt)	generateId	1	K-CONV	rule R4: id formatting (radix 36, slicing, hash input)
src/extractors/flutter/style-library.ts	number	0	arg(digest.slice)	generateId	1	K-CONV	rule R4: id formatting (radix 36, slicing, hash input)
src/extractors/flutter/style-library.ts	number	15	arg(digest.slice)	generateId	1	K-CONV	rule R4: id formatting (radix 36, slicing, hash input)
src/extractors/flutter/style-library.ts	number	36	arg(Int(`0x${digest.slice(0, 15)}`).toString)	generateId	1	K-CONV	rule R4: id formatting (radix 36, slicing, hash input)
src/extractors/flutter/style-library.ts	number	12	arg(st.slice(0, 15)}`).toString(36).padStart)	generateId	1	K-CONV	rule R4: id formatting (radix 36, slicing, hash input)
src/extractors/flutter/style-library.ts	string	0	arg(st.slice(0, 15)}`).toString(36).padStart)	generateId	1	K-CONV	rule R4: id formatting (radix 36, slicing, hash input)
src/tools/flutter/components/deduplicated-helpers.ts	string	\n	arg(y).map(style => style.flutterCode)].join)	generateFlutterImplementation	1	K-TEXT	report, label, log or error text
src/tools/flutter/components/deduplicated-helpers.ts	template	📚 Styles in this analysis:\n	binary(+=)	generateComprehensiveDeduplicatedReport	1	K-TEXT	report, label, log or error text
src/server.ts	string	close	arg(res.on)	startHttpServer	1	K-API	Node http event name
src/server.ts	number	405	arg(res.status)	methodNotAllowed	1	K-API	HTTP status
src/server.ts	string	Allow	arg(res.status(405).set)	methodNotAllowed	1	K-API	HTTP header name
src/server.ts	string	POST	arg(res.status(405).set)	methodNotAllowed	1	K-API	HTTP method
src/server.ts	string	2.0	prop(jsonrpc)	methodNotAllowed	1	K-API	JSON-RPC version
src/server.ts	number	-32000	prop(code)	methodNotAllowed	1	K-API	JSON-RPC error code
src/server.ts	string	Method not allowed.	prop(message)	methodNotAllowed	1	K-TEXT	report, label, log or error text
src/utils/project-conventions.ts	string	projectPath is required over HTTP: the server's working folder is not the client's project. Pass the Flutter project's path on the machine that runs this server	arg(Error)	resolveProjectPath	1	K-TEXT	report, label, log or error text
